2theta,kapoio_yliko
5, 71
5.01, 62
5.02, 74
5.03, 70
5.04, 75
5.05, 75
5.06, 74
5.07, 73
5.08, 66
5.09, 63
5.1, 60
5.11, 71
5.12, 55
5.13, 73
5.14, 57
5.15, 61
5.16, 80
5.17, 55
5.18, 63
5.19, 67
5.2, 69
5.21, 57
5.22, 75
5.23, 60
5.24, 62
5.25, 68
5.26, 71
5.27, 88
5.28, 56
5.29, 65
5.3, 77
5.31, 64
5.32, 70
5.33, 73
5.34, 76
5.35, 65
5.36, 88
5.37, 66
5.38, 66
5.39, 74
5.4, 79
5.41, 74
5.42, 76
5.43, 59
5.44, 81
5.45, 71
5.46, 88
5.47, 80
5.48, 66
5.49, 80
5.5, 92
5.51, 73
5.52, 78
5.53, 63
5.54, 78
5.55, 79
5.56, 67
5.57, 73
5.58, 69
5.59, 80
5.6, 83
5.61, 84
5.62, 68
5.63, 76
5.64, 70
5.65, 74
5.66, 85
5.67, 64
5.68, 60
5.69, 81
5.7, 61
5.71, 63
5.72, 67
5.73, 61
5.74, 72
5.75, 78
5.76, 56
5.77, 57
5.78, 65
5.79, 80
5.8, 72
5.81, 67
5.82, 71
5.83, 63
5.84, 85
5.85, 77
5.86, 61
5.87, 81
5.88, 79
5.89, 66
5.9, 56
5.91, 77
5.92, 77
5.93, 82
5.94, 74
5.95, 74
5.96, 84
5.97, 74
5.98, 70
5.99, 89
6, 61
6.01, 79
6.02, 61
6.03, 83
6.04, 72
6.05, 77
6.06, 86
6.07, 69
6.08, 72
6.09, 76
6.1, 74
6.11, 73
6.12, 73
6.13, 81
6.14, 76
6.15, 85
6.16, 74
6.17, 59
6.18, 80
6.19, 68
6.2, 64
6.21, 59
6.22, 87
6.23, 70
6.24, 79
6.25, 68
6.26, 73
6.27, 76
6.28, 71
6.29, 99
6.3, 102
6.31, 86
6.32, 82
6.33, 73
6.34, 93
6.35, 70
6.36, 91
6.37, 63
6.38, 93
6.39, 77
6.4, 81
6.41, 79
6.42, 66
6.43, 68
6.44, 83
6.45, 97
6.46, 84
6.47, 81
6.48, 61
6.49, 76
6.5, 79
6.51, 81
6.52, 75
6.53, 75
6.54, 89
6.55, 67
6.56, 85
6.57, 97
6.58, 84
6.59, 90
6.6, 72
6.61, 80
6.62, 90
6.63, 54
6.64, 98
6.65, 83
6.66, 75
6.67, 88
6.68, 92
6.69, 92
6.7, 85
6.71, 81
6.72, 76
6.73, 77
6.74, 94
6.75, 81
6.76, 85
6.77, 89
6.78, 79
6.79, 71
6.8, 79
6.81, 84
6.82, 71
6.83, 82
6.84, 104
6.85, 70
6.86, 86
6.87, 71
6.88, 98
6.89, 78
6.9, 79
6.91, 66
6.92, 92
6.93, 78
6.94, 84
6.95, 93
6.96, 69
6.97, 88
6.98, 80
6.99, 84
7, 83
7.01, 83
7.02, 79
7.03, 91
7.04, 82
7.05, 83
7.06, 104
7.07, 87
7.08, 82
7.09, 80
7.1, 79
7.11, 102
7.12, 86
7.13, 88
7.14, 86
7.15, 85
7.16, 96
7.17, 83
7.18, 75
7.19, 101
7.2, 97
7.21, 91
7.22, 90
7.23, 107
7.24, 98
7.25, 96
7.26, 88
7.27, 73
7.28, 89
7.29, 98
7.3, 95
7.31, 89
7.32, 80
7.33, 96
7.34, 83
7.35, 91
7.36, 92
7.37, 99
7.38, 101
7.39, 90
7.4, 98
7.41, 89
7.42, 83
7.43, 93
7.44, 108
7.45, 73
7.46, 111
7.47, 81
7.48, 80
7.49, 77
7.5, 92
7.51, 83
7.52, 108
7.53, 101
7.54, 110
7.55, 99
7.56, 95
7.57, 77
7.58, 82
7.59, 98
7.6, 98
7.61, 88
7.62, 81
7.63, 93
7.64, 90
7.65, 111
7.66, 107
7.67, 87
7.68, 107
7.69, 92
7.7, 110
7.71, 83
7.72, 77
7.73, 100
7.74, 97
7.75, 101
7.76, 111
7.77, 95
7.78, 103
7.79, 103
7.8, 89
7.81, 108
7.82, 91
7.83, 99
7.84, 99
7.85, 103
7.86, 103
7.87, 98
7.88, 81
7.89, 112
7.9, 103
7.91, 110
7.92, 106
7.93, 100
7.94, 82
7.95, 120
7.96, 89
7.97, 84
7.98, 100
7.99, 97
8, 106
8.01, 99
8.02, 88
8.03, 87
8.04, 93
8.05, 81
8.06, 101
8.07, 109
8.08, 110
8.09, 98
8.1, 108
8.11, 100
8.12, 108
8.13, 116
8.14, 99
8.15, 95
8.16, 89
8.17, 102
8.18, 109
8.19, 90
8.2, 102
8.21, 111
8.22, 100
8.23, 88
8.24, 103
8.25, 94
8.26, 88
8.27, 102
8.28, 113
8.29, 113
8.3, 118
8.31, 112
8.32, 107
8.33, 115
8.34, 89
8.35, 90
8.36, 95
8.37, 109
8.38, 115
8.39, 87
8.4, 94
8.41, 99
8.42, 105
8.43, 99
8.44, 93
8.45, 106
8.46, 98
8.47, 117
8.48, 106
8.49, 96
8.5, 103
8.51, 106
8.52, 97
8.53, 101
8.54, 107
8.55, 124
8.56, 111
8.57, 125
8.58, 108
8.59, 117
8.6, 104
8.61, 97
8.62, 120
8.63, 95
8.64, 107
8.65, 115
8.66, 112
8.67, 100
8.68, 97
8.69, 110
8.7, 95
8.71, 106
8.72, 123
8.73, 104
8.74, 99
8.75, 93
8.76, 121
8.77, 122
8.78, 103
8.79, 109
8.8, 107
8.81, 111
8.82, 99
8.83, 95
8.84, 101
8.85, 114
8.86, 101
8.87, 95
8.88, 101
8.89, 99
8.9, 105
8.91, 111
8.92, 123
8.93, 115
8.94, 107
8.95, 113
8.96, 89
8.97, 123
8.98, 133
8.99, 118
9, 108
9.01, 108
9.02, 97
9.03, 105
9.04, 109
9.05, 116
9.06, 112
9.07, 108
9.08, 115
9.09, 94
9.1, 111
9.11, 107
9.12, 120
9.13, 104
9.14, 122
9.15, 105
9.16, 97
9.17, 108
9.18, 107
9.19, 117
9.2, 117
9.21, 103
9.22, 112
9.23, 125
9.24, 129
9.25, 107
9.26, 127
9.27, 121
9.28, 131
9.29, 117
9.3, 112
9.31, 106
9.32, 127
9.33, 99
9.34, 124
9.35, 112
9.36, 122
9.37, 118
9.38, 99
9.39, 133
9.4, 129
9.41, 104
9.42, 111
9.43, 117
9.44, 122
9.45, 114
9.46, 116
9.47, 124
9.48, 126
9.49, 114
9.5, 127
9.51, 113
9.52, 106
9.53, 109
9.54, 123
9.55, 136
9.56, 128
9.57, 135
9.58, 121
9.59, 124
9.6, 118
9.61, 133
9.62, 107
9.63, 129
9.64, 112
9.65, 117
9.66, 104
9.67, 127
9.68, 118
9.69, 146
9.7, 112
9.71, 130
9.72, 123
9.73, 115
9.74, 131
9.75, 132
9.76, 140
9.77, 135
9.78, 119
9.79, 105
9.8, 119
9.81, 125
9.82, 122
9.83, 134
9.84, 113
9.85, 134
9.86, 135
9.87, 125
9.88, 107
9.89, 138
9.9, 109
9.91, 130
9.92, 144
9.93, 112
9.94, 135
9.95, 143
9.96, 114
9.97, 130
9.98, 124
9.99, 108
10, 126
10.01, 117
10.02, 120
10.03, 134
10.04, 131
10.05, 132
10.06, 131
10.07, 116
10.08, 131
10.09, 141
10.1, 142
10.11, 115
10.12, 128
10.13, 116
10.14, 113
10.15, 133
10.16, 118
10.17, 119
10.18, 133
10.19, 133
10.2, 140
10.21, 125
10.22, 137
10.23, 134
10.24, 133
10.25, 137
10.26, 130
10.27, 133
10.28, 126
10.29, 135
10.3, 129
10.31, 136
10.32, 131
10.33, 132
10.34, 113
10.35, 130
10.36, 114
10.37, 118
10.38, 149
10.39, 114
10.4, 128
10.41, 138
10.42, 125
10.43, 144
10.44, 120
10.45, 146
10.46, 132
10.47, 115
10.48, 143
10.49, 154
10.5, 139
10.51, 160
10.52, 113
10.53, 147
10.54, 133
10.55, 149
10.56, 119
10.57, 138
10.58, 148
10.59, 139
10.6, 155
10.61, 110
10.62, 150
10.63, 122
10.64, 143
10.65, 141
10.66, 151
10.67, 139
10.68, 146
10.69, 139
10.7, 130
10.71, 150
10.72, 146
10.73, 126
10.74, 147
10.75, 159
10.76, 128
10.77, 123
10.78, 162
10.79, 149
10.8, 140
10.81, 131
10.82, 138
10.83, 127
10.84, 147
10.85, 157
10.86, 157
10.87, 134
10.88, 152
10.89, 134
10.9, 147
10.91, 156
10.92, 144
10.93, 147
10.94, 141
10.95, 136
10.96, 172
10.97, 141
10.98, 145
10.99, 133
11, 155
11.01, 132
11.02, 176
11.03, 154
11.04, 133
11.05, 133
11.06, 164
11.07, 132
11.08, 135
11.09, 167
11.1, 148
11.11, 141
11.12, 139
11.13, 148
11.14, 155
11.15, 145
11.16, 153
11.17, 161
11.18, 144
11.19, 166
11.2, 164
11.21, 151
11.22, 155
11.23, 120
11.24, 150
11.25, 155
11.26, 172
11.27, 165
11.28, 142
11.29, 167
11.3, 171
11.31, 147
11.32, 142
11.33, 195
11.34, 165
11.35, 181
11.36, 135
11.37, 163
11.38, 165
11.39, 144
11.4, 179
11.41, 160
11.42, 173
11.43, 170
11.44, 163
11.45, 146
11.46, 178
11.47, 159
11.48, 145
11.49, 155
11.5, 179
11.51, 138
11.52, 138
11.53, 166
11.54, 181
11.55, 142
11.56, 164
11.57, 157
11.58, 172
11.59, 162
11.6, 159
11.61, 142
11.62, 173
11.63, 180
11.64, 173
11.65, 164
11.66, 175
11.67, 144
11.68, 173
11.69, 173
11.7, 166
11.71, 189
11.72, 158
11.73, 177
11.74, 185
11.75, 197
11.76, 181
11.77, 178
11.78, 173
11.79, 183
11.8, 162
11.81, 189
11.82, 177
11.83, 171
11.84, 169
11.85, 195
11.86, 179
11.87, 178
11.88, 182
11.89, 155
11.9, 193
11.91, 198
11.92, 162
11.93, 167
11.94, 215
11.95, 177
11.96, 182
11.97, 196
11.98, 162
11.99, 174
12, 180
12.01, 182
12.02, 196
12.03, 176
12.04, 175
12.05, 189
12.06, 192
12.07, 190
12.08, 206
12.09, 148
12.1, 173
12.11, 198
12.12, 194
12.13, 190
12.14, 168
12.15, 191
12.16, 187
12.17, 197
12.18, 176
12.19, 202
12.2, 170
12.21, 195
12.22, 163
12.23, 185
12.24, 190
12.25, 185
12.26, 176
12.27, 161
12.28, 183
12.29, 204
12.3, 207
12.31, 171
12.32, 198
12.33, 206
12.34, 204
12.35, 217
12.36, 196
12.37, 207
12.38, 179
12.39, 193
12.4, 201
12.41, 194
12.42, 190
12.43, 188
12.44, 179
12.45, 206
12.46, 200
12.47, 195
12.48, 202
12.49, 182
12.5, 207
12.51, 181
12.52, 210
12.53, 205
12.54, 187
12.55, 189
12.56, 196
12.57, 198
12.58, 201
12.59, 192
12.6, 212
12.61, 195
12.62, 187
12.63, 190
12.64, 178
12.65, 205
12.66, 196
12.67, 212
12.68, 203
12.69, 190
12.7, 214
12.71, 179
12.72, 219
12.73, 209
12.74, 194
12.75, 200
12.76, 214
12.77, 199
12.78, 198
12.79, 195
12.8, 221
12.81, 199
12.82, 231
12.83, 206
12.84, 160
12.85, 210
12.86, 196
12.87, 222
12.88, 198
12.89, 176
12.9, 190
12.91, 222
12.92, 210
12.93, 177
12.94, 193
12.95, 190
12.96, 224
12.97, 208
12.98, 201
12.99, 194
13, 207
13.01, 218
13.02, 203
13.03, 195
13.04, 216
13.05, 192
13.06, 195
13.07, 214
13.08, 196
13.09, 227
13.1, 204
13.11, 201
13.12, 198
13.13, 209
13.14, 212
13.15, 193
13.16, 197
13.17, 182
13.18, 208
13.19, 193
13.2, 227
13.21, 194
13.22, 181
13.23, 202
13.24, 192
13.25, 207
13.26, 216
13.27, 187
13.28, 201
13.29, 218
13.3, 200
13.31, 205
13.32, 198
13.33, 192
13.34, 186
13.35, 200
13.36, 213
13.37, 207
13.38, 233
13.39, 191
13.4, 187
13.41, 214
13.42, 214
13.43, 199
13.44, 212
13.45, 195
13.46, 208
13.47, 192
13.48, 188
13.49, 182
13.5, 181
13.51, 201
13.52, 201
13.53, 212
13.54, 197
13.55, 201
13.56, 204
13.57, 201
13.58, 172
13.59, 203
13.6, 199
13.61, 226
13.62, 199
13.63, 194
13.64, 223
13.65, 195
13.66, 188
13.67, 176
13.68, 203
13.69, 210
13.7, 205
13.71, 222
13.72, 218
13.73, 205
13.74, 191
13.75, 179
13.76, 215
13.77, 184
13.78, 218
13.79, 184
13.8, 203
13.81, 212
13.82, 183
13.83, 191
13.84, 192
13.85, 195
13.86, 181
13.87, 188
13.88, 198
13.89, 193
13.9, 202
13.91, 219
13.92, 187
13.93, 185
13.94, 200
13.95, 210
13.96, 187
13.97, 208
13.98, 193
13.99, 172
14, 180
14.01, 169
14.02, 196
14.03, 200
14.04, 219
14.05, 193
14.06, 192
14.07, 194
14.08, 184
14.09, 184
14.1, 185
14.11, 194
14.12, 186
14.13, 184
14.14, 186
14.15, 213
14.16, 175
14.17, 202
14.18, 197
14.19, 171
14.2, 201
14.21, 173
14.22, 187
14.23, 177
14.24, 195
14.25, 182
14.26, 202
14.27, 214
14.28, 170
14.29, 179
14.3, 198
14.31, 184
14.32, 182
14.33, 175
14.34, 175
14.35, 190
14.36, 178
14.37, 195
14.38, 178
14.39, 173
14.4, 180
14.41, 196
14.42, 191
14.43, 180
14.44, 174
14.45, 186
14.46, 182
14.47, 189
14.48, 186
14.49, 176
14.5, 193
14.51, 170
14.52, 172
14.53, 192
14.54, 171
14.55, 193
14.56, 165
14.57, 190
14.58, 195
14.59, 169
14.6, 189
14.61, 145
14.62, 177
14.63, 174
14.64, 206
14.65, 150
14.66, 189
14.67, 173
14.68, 166
14.69, 203
14.7, 169
14.71, 174
14.72, 174
14.73, 174
14.74, 233
14.75, 184
14.76, 175
14.77, 181
14.78, 204
14.79, 185
14.8, 157
14.81, 183
14.82, 185
14.83, 183
14.84, 196
14.85, 163
14.86, 179
14.87, 181
14.88, 171
14.89, 188
14.9, 181
14.91, 141
14.92, 166
14.93, 179
14.94, 189
14.95, 158
14.96, 190
14.97, 179
14.98, 175
14.99, 172
15, 178
15.01, 197
15.02, 191
15.03, 177
15.04, 148
15.05, 158
15.06, 202
15.07, 169
15.08, 158
15.09, 167
15.1, 199
15.11, 183
15.12, 155
15.13, 174
15.14, 148
15.15, 172
15.16, 180
15.17, 156
15.18, 164
15.19, 174
15.2, 157
15.21, 176
15.22, 166
15.23, 139
15.24, 168
15.25, 175
15.26, 164
15.27, 174
15.28, 171
15.29, 179
15.3, 169
15.31, 147
15.32, 164
15.33, 132
15.34, 178
15.35, 148
15.36, 170
15.37, 143
15.38, 148
15.39, 157
15.4, 176
15.41, 150
15.42, 193
15.43, 135
15.44, 161
15.45, 146
15.46, 163
15.47, 179
15.48, 151
15.49, 147
15.5, 158
15.51, 156
15.52, 137
15.53, 153
15.54, 149
15.55, 167
15.56, 161
15.57, 148
15.58, 172
15.59, 144
15.6, 152
15.61, 174
15.62, 164
15.63, 157
15.64, 135
15.65, 157
15.66, 168
15.67, 166
15.68, 164
15.69, 157
15.7, 139
15.71, 150
15.72, 174
15.73, 137
15.74, 168
15.75, 135
15.76, 157
15.77, 134
15.78, 175
15.79, 136
15.8, 147
15.81, 155
15.82, 155
15.83, 161
15.84, 148
15.85, 133
15.86, 146
15.87, 163
15.88, 150
15.89, 137
15.9, 154
15.91, 150
15.92, 132
15.93, 165
15.94, 155
15.95, 157
15.96, 144
15.97, 149
15.98, 139
15.99, 164
16, 143
16.01, 151
16.02, 153
16.03, 154
16.04, 154
16.05, 164
16.06, 153
16.07, 120
16.08, 151
16.09, 156
16.1, 132
16.11, 160
16.12, 160
16.13, 146
16.14, 149
16.15, 152
16.16, 149
16.17, 147
16.18, 138
16.19, 133
16.2, 142
16.21, 140
16.22, 120
16.23, 117
16.24, 152
16.25, 162
16.26, 141
16.27, 135
16.28, 144
16.29, 156
16.3, 148
16.31, 119
16.32, 150
16.33, 132
16.34, 129
16.35, 129
16.36, 133
16.37, 149
16.38, 124
16.39, 142
16.4, 144
16.41, 145
16.42, 139
16.43, 141
16.44, 130
16.45, 121
16.46, 151
16.47, 137
16.48, 121
16.49, 151
16.5, 137
16.51, 152
16.52, 131
16.53, 123
16.54, 141
16.55, 126
16.56, 142
16.57, 137
16.58, 134
16.59, 126
16.6, 151
16.61, 144
16.62, 119
16.63, 122
16.64, 133
16.65, 131
16.66, 156
16.67, 140
16.68, 143
16.69, 124
16.7, 134
16.71, 134
16.72, 135
16.73, 114
16.74, 139
16.75, 117
16.76, 133
16.77, 154
16.78, 121
16.79, 113
16.8, 128
16.81, 118
16.82, 116
16.83, 137
16.84, 138
16.85, 140
16.86, 132
16.87, 130
16.88, 117
16.89, 142
16.9, 129
16.91, 121
16.92, 161
16.93, 116
16.94, 116
16.95, 131
16.96, 130
16.97, 147
16.98, 108
16.99, 139
17, 123
17.01, 108
17.02, 136
17.03, 112
17.04, 135
17.05, 125
17.06, 121
17.07, 142
17.08, 125
17.09, 126
17.1, 129
17.11, 115
17.12, 140
17.13, 102
17.14, 129
17.15, 110
17.16, 118
17.17, 127
17.18, 111
17.19, 137
17.2, 109
17.21, 126
17.22, 121
17.23, 98
17.24, 149
17.25, 128
17.26, 117
17.27, 110
17.28, 128
17.29, 115
17.3, 129
17.31, 113
17.32, 114
17.33, 114
17.34, 115
17.35, 118
17.36, 108
17.37, 108
17.38, 114
17.39, 123
17.4, 119
17.41, 115
17.42, 116
17.43, 125
17.44, 126
17.45, 124
17.46, 113
17.47, 99
17.48, 116
17.49, 95
17.5, 121
17.51, 129
17.52, 120
17.53, 106
17.54, 132
17.55, 113
17.56, 123
17.57, 116
17.58, 96
17.59, 137
17.6, 104
17.61, 126
17.62, 119
17.63, 120
17.64, 119
17.65, 101
17.66, 115
17.67, 140
17.68, 101
17.69, 117
17.7, 112
17.71, 112
17.72, 106
17.73, 109
17.74, 118
17.75, 125
17.76, 97
17.77, 121
17.78, 102
17.79, 102
17.8, 111
17.81, 122
17.82, 119
17.83, 100
17.84, 110
17.85, 105
17.86, 107
17.87, 118
17.88, 102
17.89, 107
17.9, 119
17.91, 107
17.92, 106
17.93, 132
17.94, 104
17.95, 103
17.96, 93
17.97, 110
17.98, 103
17.99, 100
18, 107
18.01, 100
18.02, 107
18.03, 117
18.04, 108
18.05, 96
18.06, 126
18.07, 115
18.08, 101
18.09, 113
18.1, 129
18.11, 95
18.12, 111
18.13, 104
18.14, 98
18.15, 109
18.16, 110
18.17, 115
18.18, 107
18.19, 85
18.2, 107
18.21, 98
18.22, 90
18.23, 104
18.24, 92
18.25, 100
18.26, 126
18.27, 102
18.28, 115
18.29, 95
18.3, 100
18.31, 111
18.32, 100
18.33, 100
18.34, 110
18.35, 99
18.36, 105
18.37, 90
18.38, 97
18.39, 102
18.4, 102
18.41, 101
18.42, 116
18.43, 97
18.44, 106
18.45, 108
18.46, 101
18.47, 107
18.48, 95
18.49, 101
18.5, 105
18.51, 112
18.52, 95
18.53, 113
18.54, 103
18.55, 107
18.56, 112
18.57, 103
18.58, 121
18.59, 122
18.6, 91
18.61, 97
18.62, 106
18.63, 93
18.64, 97
18.65, 98
18.66, 93
18.67, 94
18.68, 88
18.69, 104
18.7, 90
18.71, 80
18.72, 87
18.73, 93
18.74, 92
18.75, 105
18.76, 103
18.77, 84
18.78, 114
18.79, 93
18.8, 107
18.81, 85
18.82, 104
18.83, 101
18.84, 95
18.85, 102
18.86, 69
18.87, 88
18.88, 105
18.89, 86
18.9, 89
18.91, 85
18.92, 76
18.93, 91
18.94, 71
18.95, 100
18.96, 80
18.97, 98
18.98, 90
18.99, 95
19, 109
19.01, 83
19.02, 91
19.03, 90
19.04, 85
19.05, 87
19.06, 75
19.07, 99
19.08, 80
19.09, 91
19.1, 81
19.11, 98
19.12, 98
19.13, 87
19.14, 88
19.15, 75
19.16, 65
19.17, 74
19.18, 68
19.19, 95
19.2, 108
19.21, 73
19.22, 78
19.23, 86
19.24, 79
19.25, 94
19.26, 95
19.27, 91
19.28, 84
19.29, 85
19.3, 87
19.31, 92
19.32, 85
19.33, 94
19.34, 98
19.35, 89
19.36, 83
19.37, 89
19.38, 99
19.39, 84
19.4, 87
19.41, 81
19.42, 97
19.43, 93
19.44, 72
19.45, 79
19.46, 76
19.47, 89
19.48, 74
19.49, 72
19.5, 79
19.51, 82
19.52, 86
19.53, 87
19.54, 77
19.55, 98
19.56, 95
19.57, 96
19.58, 91
19.59, 83
19.6, 79
19.61, 86
19.62, 79
19.63, 93
19.64, 82
19.65, 80
19.66, 67
19.67, 88
19.68, 77
19.69, 76
19.7, 76
19.71, 83
19.72, 93
19.73, 79
19.74, 93
19.75, 95
19.76, 70
19.77, 80
19.78, 83
19.79, 84
19.8, 79
19.81, 77
19.82, 91
19.83, 92
19.84, 68
19.85, 86
19.86, 64
19.87, 71
19.88, 82
19.89, 81
19.9, 72
19.91, 83
19.92, 92
19.93, 81
19.94, 57
19.95, 81
19.96, 75
19.97, 99
19.98, 72
19.99, 87
20, 61
20.01, 77
20.02, 76
20.03, 90
20.04, 66
20.05, 81
20.06, 72
20.07, 88
20.08, 81
20.09, 76
20.1, 74
20.11, 81
20.12, 87
20.13, 80
20.14, 92
20.15, 84
20.16, 78
20.17, 85
20.18, 74
20.19, 68
20.2, 87
20.21, 95
20.22, 90
20.23, 75
20.24, 85
20.25, 74
20.26, 78
20.27, 84
20.28, 69
20.29, 59
20.3, 70
20.31, 78
20.32, 53
20.33, 81
20.34, 75
20.35, 73
20.36, 79
20.37, 83
20.38, 74
20.39, 60
20.4, 72
20.41, 67
20.42, 72
20.43, 64
20.44, 77
20.45, 71
20.46, 67
20.47, 84
20.48, 76
20.49, 75
20.5, 89
20.51, 77
20.52, 68
20.53, 78
20.54, 90
20.55, 69
20.56, 73
20.57, 64
20.58, 87
20.59, 76
20.6, 78
20.61, 68
20.62, 51
20.63, 85
20.64, 71
20.65, 49
20.66, 75
20.67, 74
20.68, 85
20.69, 71
20.7, 79
20.71, 64
20.72, 64
20.73, 55
20.74, 80
20.75, 67
20.76, 84
20.77, 79
20.78, 74
20.79, 72
20.8, 72
20.81, 64
20.82, 75
20.83, 62
20.84, 59
20.85, 71
20.86, 78
20.87, 93
20.88, 65
20.89, 71
20.9, 67
20.91, 53
20.92, 62
20.93, 72
20.94, 64
20.95, 90
20.96, 70
20.97, 65
20.98, 68
20.99, 50
21, 69
21.01, 70
21.02, 69
21.03, 81
21.04, 74
21.05, 75
21.06, 63
21.07, 56
21.08, 66
21.09, 66
21.1, 66
21.11, 64
21.12, 56
21.13, 69
21.14, 86
21.15, 60
21.16, 52
21.17, 54
21.18, 63
21.19, 78
21.2, 64
21.21, 62
21.22, 65
21.23, 58
21.24, 64
21.25, 62
21.26, 57
21.27, 70
21.28, 53
21.29, 68
21.3, 60
21.31, 49
21.32, 57
21.33, 54
21.34, 64
21.35, 73
21.36, 69
21.37, 87
21.38, 67
21.39, 76
21.4, 61
21.41, 66
21.42, 44
21.43, 62
21.44, 68
21.45, 75
21.46, 50
21.47, 56
21.48, 77
21.49, 69
21.5, 51
21.51, 68
21.52, 50
21.53, 44
21.54, 68
21.55, 49
21.56, 74
21.57, 68
21.58, 64
21.59, 70
21.6, 59
21.61, 65
21.62, 59
21.63, 53
21.64, 61
21.65, 54
21.66, 59
21.67, 70
21.68, 63
21.69, 66
21.7, 52
21.71, 72
21.72, 57
21.73, 74
21.74, 56
21.75, 58
21.76, 56
21.77, 74
21.78, 48
21.79, 45
21.8, 73
21.81, 55
21.82, 63
21.83, 61
21.84, 56
21.85, 61
21.86, 53
21.87, 52
21.88, 57
21.89, 73
21.9, 58
21.91, 56
21.92, 63
21.93, 63
21.94, 70
21.95, 54
21.96, 62
21.97, 44
21.98, 54
21.99, 53
22, 55
22.01, 44
22.02, 63
22.03, 59
22.04, 62
22.05, 71
22.06, 58
22.07, 61
22.08, 59
22.09, 70
22.1, 59
22.11, 60
22.12, 47
22.13, 56
22.14, 41
22.15, 60
22.16, 54
22.17, 70
22.18, 54
22.19, 64
22.2, 63
22.21, 58
22.22, 40
22.23, 57
22.24, 59
22.25, 66
22.26, 50
22.27, 58
22.28, 57
22.29, 46
22.3, 65
22.31, 72
22.32, 43
22.33, 52
22.34, 60
22.35, 55
22.36, 46
22.37, 50
22.38, 50
22.39, 55
22.4, 60
22.41, 59
22.42, 60
22.43, 51
22.44, 54
22.45, 67
22.46, 54
22.47, 56
22.48, 53
22.49, 68
22.5, 51
22.51, 66
22.52, 62
22.53, 59
22.54, 58
22.55, 54
22.56, 86
22.57, 81
22.58, 69
22.59, 59
22.6, 69
22.61, 80
22.62, 63
22.63, 67
22.64, 48
22.65, 54
22.66, 63
22.67, 57
22.68, 54
22.69, 76
22.7, 48
22.71, 68
22.72, 51
22.73, 46
22.74, 60
22.75, 42
22.76, 55
22.77, 48
22.78, 65
22.79, 59
22.8, 58
22.81, 49
22.82, 42
22.83, 58
22.84, 46
22.85, 61
22.86, 63
22.87, 59
22.88, 47
22.89, 38
22.9, 61
22.91, 56
22.92, 54
22.93, 53
22.94, 70
22.95, 55
22.96, 48
22.97, 46
22.98, 43
22.99, 55
23, 40
23.01, 47
23.02, 53
23.03, 57
23.04, 55
23.05, 55
23.06, 45
23.07, 51
23.08, 58
23.09, 67
23.1, 46
23.11, 61
23.12, 50
23.13, 48
23.14, 46
23.15, 49
23.16, 48
23.17, 54
23.18, 53
23.19, 52
23.2, 45
23.21, 56
23.22, 56
23.23, 51
23.24, 61
23.25, 37
23.26, 49
23.27, 53
23.28, 58
23.29, 49
23.3, 43
23.31, 49
23.32, 47
23.33, 45
23.34, 55
23.35, 52
23.36, 63
23.37, 53
23.38, 53
23.39, 50
23.4, 53
23.41, 49
23.42, 65
23.43, 61
23.44, 47
23.45, 63
23.46, 55
23.47, 49
23.48, 56
23.49, 45
23.5, 62
23.51, 50
23.52, 53
23.53, 59
23.54, 63
23.55, 52
23.56, 47
23.57, 53
23.58, 48
23.59, 49
23.6, 59
23.61, 50
23.62, 56
23.63, 48
23.64, 51
23.65, 60
23.66, 40
23.67, 34
23.68, 46
23.69, 64
23.7, 59
23.71, 54
23.72, 55
23.73, 46
23.74, 51
23.75, 56
23.76, 47
23.77, 50
23.78, 59
23.79, 42
23.8, 46
23.81, 57
23.82, 56
23.83, 63
23.84, 45
23.85, 51
23.86, 45
23.87, 46
23.88, 49
23.89, 54
23.9, 57
23.91, 47
23.92, 56
23.93, 58
23.94, 47
23.95, 47
23.96, 43
23.97, 45
23.98, 45
23.99, 61
24, 63
24.01, 48
24.02, 48
24.03, 49
24.04, 52
24.05, 52
24.06, 59
24.07, 56
24.08, 44
24.09, 47
24.1, 60
24.11, 57
24.12, 60
24.13, 53
24.14, 48
24.15, 48
24.16, 43
24.17, 49
24.18, 35
24.19, 51
24.2, 49
24.21, 61
24.22, 40
24.23, 63
24.24, 46
24.25, 50
24.26, 59
24.27, 53
24.28, 37
24.29, 46
24.3, 48
24.31, 48
24.32, 50
24.33, 42
24.34, 52
24.35, 51
24.36, 61
24.37, 52
24.38, 50
24.39, 45
24.4, 44
24.41, 56
24.42, 46
24.43, 42
24.44, 46
24.45, 49
24.46, 45
24.47, 55
24.48, 54
24.49, 51
24.5, 46
24.51, 64
24.52, 45
24.53, 57
24.54, 36
24.55, 48
24.56, 47
24.57, 43
24.58, 50
24.59, 51
24.6, 52
24.61, 53
24.62, 47
24.63, 37
24.64, 47
24.65, 44
24.66, 55
24.67, 50
24.68, 53
24.69, 54
24.7, 45
24.71, 49
24.72, 39
24.73, 55
24.74, 56
24.75, 51
24.76, 44
24.77, 57
24.78, 56
24.79, 48
24.8, 51
24.81, 52
24.82, 59
24.83, 52
24.84, 43
24.85, 45
24.86, 60
24.87, 51
24.88, 39
24.89, 49
24.9, 40
24.91, 48
24.92, 43
24.93, 43
24.94, 59
24.95, 58
24.96, 58
24.97, 38
24.98, 47
24.99, 43
25, 48
25.01, 55
25.02, 58
25.03, 39
25.04, 53
25.05, 60
25.06, 52
25.07, 46
25.08, 51
25.09, 47
25.1, 53
25.11, 60
25.12, 50
25.13, 50
25.14, 45
25.15, 38
25.16, 71
25.17, 38
25.18, 54
25.19, 51
25.2, 48
25.21, 53
25.22, 45
25.23, 55
25.24, 52
25.25, 45
25.26, 46
25.27, 46
25.28, 54
25.29, 45
25.3, 45
25.31, 50
25.32, 55
25.33, 35
25.34, 52
25.35, 47
25.36, 62
25.37, 51
25.38, 47
25.39, 53
25.4, 33
25.41, 48
25.42, 50
25.43, 53
25.44, 55
25.45, 45
25.46, 45
25.47, 49
25.48, 61
25.49, 57
25.5, 62
25.51, 52
25.52, 46
25.53, 47
25.54, 48
25.55, 42
25.56, 61
25.57, 40
25.58, 47
25.59, 44
25.6, 53
25.61, 47
25.62, 47
25.63, 47
25.64, 33
25.65, 61
25.66, 50
25.67, 38
25.68, 41
25.69, 64
25.7, 60
25.71, 61
25.72, 45
25.73, 71
25.74, 48
25.75, 56
25.76, 38
25.77, 58
25.78, 54
25.79, 49
25.8, 55
25.81, 44
25.82, 55
25.83, 52
25.84, 52
25.85, 61
25.86, 58
25.87, 59
25.88, 66
25.89, 60
25.9, 55
25.91, 68
25.92, 66
25.93, 66
25.94, 51
25.95, 72
25.96, 58
25.97, 68
25.98, 63
25.99, 66
26, 71
26.01, 69
26.02, 76
26.03, 89
26.04, 70
26.05, 70
26.06, 81
26.07, 76
26.08, 72
26.09, 62
26.1, 59
26.11, 74
26.12, 70
26.13, 67
26.14, 55
26.15, 56
26.16, 62
26.17, 52
26.18, 66
26.19, 64
26.2, 65
26.21, 60
26.22, 46
26.23, 61
26.24, 60
26.25, 53
26.26, 63
26.27, 53
26.28, 53
26.29, 75
26.3, 62
26.31, 57
26.32, 52
26.33, 49
26.34, 50
26.35, 56
26.36, 73
26.37, 67
26.38, 69
26.39, 57
26.4, 68
26.41, 75
26.42, 87
26.43, 78
26.44, 71
26.45, 56
26.46, 75
26.47, 74
26.48, 67
26.49, 57
26.5, 52
26.51, 73
26.52, 49
26.53, 66
26.54, 71
26.55, 51
26.56, 58
26.57, 50
26.58, 56
26.59, 66
26.6, 49
26.61, 52
26.62, 53
26.63, 65
26.64, 54
26.65, 56
26.66, 50
26.67, 52
26.68, 58
26.69, 53
26.7, 55
26.71, 52
26.72, 50
26.73, 53
26.74, 57
26.75, 49
26.76, 53
26.77, 53
26.78, 51
26.79, 51
26.8, 66
26.81, 56
26.82, 51
26.83, 47
26.84, 44
26.85, 47
26.86, 59
26.87, 63
26.88, 58
26.89, 48
26.9, 52
26.91, 48
26.92, 51
26.93, 61
26.94, 63
26.95, 47
26.96, 54
26.97, 49
26.98, 54
26.99, 48
27, 57
27.01, 45
27.02, 51
27.03, 51
27.04, 52
27.05, 59
27.06, 34
27.07, 54
27.08, 46
27.09, 55
27.1, 40
27.11, 44
27.12, 52
27.13, 68
27.14, 48
27.15, 46
27.16, 57
27.17, 59
27.18, 40
27.19, 65
27.2, 49
27.21, 55
27.22, 54
27.23, 51
27.24, 76
27.25, 40
27.26, 53
27.27, 52
27.28, 58
27.29, 53
27.3, 58
27.31, 56
27.32, 59
27.33, 42
27.34, 63
27.35, 56
27.36, 48
27.37, 57
27.38, 56
27.39, 73
27.4, 66
27.41, 63
27.42, 42
27.43, 51
27.44, 44
27.45, 60
27.46, 58
27.47, 45
27.48, 68
27.49, 58
27.5, 53
27.51, 59
27.52, 60
27.53, 56
27.54, 56
27.55, 50
27.56, 48
27.57, 45
27.58, 53
27.59, 51
27.6, 51
27.61, 56
27.62, 50
27.63, 51
27.64, 62
27.65, 45
27.66, 59
27.67, 45
27.68, 54
27.69, 65
27.7, 54
27.71, 53
27.72, 43
27.73, 48
27.74, 61
27.75, 60
27.76, 56
27.77, 40
27.78, 50
27.79, 49
27.8, 58
27.81, 61
27.82, 53
27.83, 56
27.84, 53
27.85, 52
27.86, 57
27.87, 55
27.88, 53
27.89, 51
27.9, 45
27.91, 46
27.92, 59
27.93, 58
27.94, 70
27.95, 58
27.96, 52
27.97, 55
27.98, 47
27.99, 47
28, 37
28.01, 58
28.02, 55
28.03, 67
28.04, 39
28.05, 59
28.06, 55
28.07, 54
28.08, 39
28.09, 54
28.1, 53
28.11, 67
28.12, 47
28.13, 51
28.14, 55
28.15, 53
28.16, 55
28.17, 54
28.18, 49
28.19, 51
28.2, 50
28.21, 62
28.22, 51
28.23, 65
28.24, 69
28.25, 51
28.26, 53
28.27, 56
28.28, 59
28.29, 55
28.3, 56
28.31, 59
28.32, 62
28.33, 57
28.34, 65
28.35, 56
28.36, 63
28.37, 46
28.38, 64
28.39, 66
28.4, 65
28.41, 43
28.42, 61
28.43, 55
28.44, 56
28.45, 61
28.46, 69
28.47, 46
28.48, 53
28.49, 62
28.5, 53
28.51, 48
28.52, 62
28.53, 47
28.54, 43
28.55, 77
28.56, 60
28.57, 63
28.58, 54
28.59, 61
28.6, 59
28.61, 59
28.62, 58
28.63, 64
28.64, 65
28.65, 54
28.66, 60
28.67, 52
28.68, 60
28.69, 64
28.7, 64
28.71, 63
28.72, 44
28.73, 58
28.74, 46
28.75, 66
28.76, 63
28.77, 55
28.78, 57
28.79, 51
28.8, 70
28.81, 73
28.82, 53
28.83, 54
28.84, 59
28.85, 67
28.86, 56
28.87, 65
28.88, 68
28.89, 65
28.9, 57
28.91, 94
28.92, 72
28.93, 62
28.94, 59
28.95, 85
28.96, 79
28.97, 69
28.98, 77
28.99, 82
29, 72
29.01, 86
29.02, 93
29.03, 98
29.04, 94
29.05, 92
29.06, 110
29.07, 95
29.08, 96
29.09, 106
29.1, 114
29.11, 88
29.12, 122
29.13, 63
29.14, 93
29.15, 85
29.16, 87
29.17, 102
29.18, 95
29.19, 91
29.2, 82
29.21, 71
29.22, 59
29.23, 53
29.24, 65
29.25, 66
29.26, 72
29.27, 80
29.28, 62
29.29, 73
29.3, 58
29.31, 83
29.32, 58
29.33, 61
29.34, 71
29.35, 51
29.36, 58
29.37, 57
29.38, 66
29.39, 54
29.4, 77
29.41, 49
29.42, 62
29.43, 73
29.44, 70
29.45, 75
29.46, 49
29.47, 72
29.48, 63
29.49, 66
29.5, 64
29.51, 45
29.52, 46
29.53, 50
29.54, 68
29.55, 68
29.56, 57
29.57, 49
29.58, 54
29.59, 38
29.6, 55
29.61, 70
29.62, 60
29.63, 47
29.64, 63
29.65, 68
29.66, 60
29.67, 54
29.68, 62
29.69, 56
29.7, 64
29.71, 54
29.72, 53
29.73, 61
29.74, 52
29.75, 55
29.76, 72
29.77, 70
29.78, 60
29.79, 65
29.8, 50
29.81, 50
29.82, 60
29.83, 54
29.84, 58
29.85, 48
29.86, 49
29.87, 54
29.88, 51
29.89, 51
29.9, 53
29.91, 58
29.92, 76
29.93, 60
29.94, 59
29.95, 56
29.96, 49
29.97, 58
29.98, 71
29.99, 54
30, 65
30.01, 59
30.02, 57
30.03, 46
30.04, 58
30.05, 67
30.06, 61
30.07, 56
30.08, 46
30.09, 74
30.1, 60
30.11, 67
30.12, 60
30.13, 55
30.14, 46
30.15, 66
30.16, 64
30.17, 77
30.18, 42
30.19, 66
30.2, 67
30.21, 59
30.22, 62
30.23, 53
30.24, 51
30.25, 64
30.26, 63
30.27, 69
30.28, 70
30.29, 59
30.3, 54
30.31, 62
30.32, 54
30.33, 64
30.34, 51
30.35, 61
30.36, 65
30.37, 63
30.38, 53
30.39, 67
30.4, 65
30.41, 62
30.42, 65
30.43, 69
30.44, 53
30.45, 62
30.46, 62
30.47, 45
30.48, 60
30.49, 54
30.5, 69
30.51, 64
30.52, 48
30.53, 77
30.54, 58
30.55, 44
30.56, 68
30.57, 58
30.58, 72
30.59, 56
30.6, 65
30.61, 52
30.62, 53
30.63, 68
30.64, 56
30.65, 48
30.66, 49
30.67, 48
30.68, 59
30.69, 49
30.7, 49
30.71, 53
30.72, 66
30.73, 57
30.74, 50
30.75, 43
30.76, 55
30.77, 51
30.78, 58
30.79, 61
30.8, 61
30.81, 57
30.82, 54
30.83, 51
30.84, 46
30.85, 58
30.86, 71
30.87, 69
30.88, 59
30.89, 57
30.9, 55
30.91, 51
30.92, 49
30.93, 58
30.94, 58
30.95, 62
30.96, 71
30.97, 53
30.98, 66
30.99, 48
31, 49
31.01, 57
31.02, 54
31.03, 54
31.04, 71
31.05, 62
31.06, 58
31.07, 54
31.08, 50
31.09, 62
31.1, 52
31.11, 55
31.12, 71
31.13, 49
31.14, 50
31.15, 83
31.16, 62
31.17, 63
31.18, 58
31.19, 37
31.2, 69
31.21, 60
31.22, 43
31.23, 53
31.24, 45
31.25, 69
31.26, 58
31.27, 58
31.28, 52
31.29, 51
31.3, 65
31.31, 68
31.32, 58
31.33, 57
31.34, 63
31.35, 64
31.36, 52
31.37, 53
31.38, 79
31.39, 61
31.4, 68
31.41, 69
31.42, 67
31.43, 56
31.44, 73
31.45, 62
31.46, 78
31.47, 59
31.48, 65
31.49, 72
31.5, 78
31.51, 69
31.52, 83
31.53, 82
31.54, 99
31.55, 97
31.56, 98
31.57, 128
31.58, 103
31.59, 129
31.6, 141
31.61, 136
31.62, 141
31.63, 137
31.64, 159
31.65, 123
31.66, 158
31.67, 131
31.68, 116
31.69, 144
31.7, 111
31.71, 124
31.72, 115
31.73, 89
31.74, 101
31.75, 91
31.76, 80
31.77, 82
31.78, 90
31.79, 88
31.8, 89
31.81, 80
31.82, 80
31.83, 45
31.84, 70
31.85, 68
31.86, 59
31.87, 63
31.88, 61
31.89, 76
31.9, 61
31.91, 61
31.92, 51
31.93, 63
31.94, 49
31.95, 51
31.96, 43
31.97, 67
31.98, 67
31.99, 53
32, 48
32.01, 52
32.02, 65
32.03, 61
32.04, 64
32.05, 62
32.06, 59
32.07, 66
32.08, 46
32.09, 50
32.1, 45
32.11, 51
32.12, 55
32.13, 56
32.14, 49
32.15, 49
32.16, 50
32.17, 54
32.18, 45
32.19, 47
32.2, 78
32.21, 61
32.22, 51
32.23, 61
32.24, 52
32.25, 51
32.26, 57
32.27, 58
32.28, 48
32.29, 59
32.3, 61
32.31, 54
32.32, 57
32.33, 51
32.34, 69
32.35, 55
32.36, 51
32.37, 51
32.38, 54
32.39, 45
32.4, 31
32.41, 55
32.42, 50
32.43, 47
32.44, 52
32.45, 55
32.46, 51
32.47, 47
32.48, 51
32.49, 70
32.5, 46
32.51, 46
32.52, 54
32.53, 57
32.54, 57
32.55, 48
32.56, 52
32.57, 45
32.58, 52
32.59, 46
32.6, 58
32.61, 56
32.62, 57
32.63, 49
32.64, 49
32.65, 43
32.66, 53
32.67, 44
32.68, 59
32.69, 57
32.7, 39
32.71, 47
32.72, 44
32.73, 47
32.74, 48
32.75, 52
32.76, 45
32.77, 45
32.78, 59
32.79, 58
32.8, 58
32.81, 51
32.82, 50
32.83, 60
32.84, 53
32.85, 51
32.86, 38
32.87, 50
32.88, 59
32.89, 57
32.9, 33
32.91, 57
32.92, 68
32.93, 60
32.94, 36
32.95, 48
32.96, 53
32.97, 47
32.98, 58
32.99, 49
33, 52
33.01, 58
33.02, 56
33.03, 53
33.04, 48
33.05, 44
33.06, 53
33.07, 51
33.08, 46
33.09, 46
33.1, 49
33.11, 43
33.12, 46
33.13, 58
33.14, 58
33.15, 52
33.16, 48
33.17, 50
33.18, 53
33.19, 45
33.2, 51
33.21, 59
33.22, 55
33.23, 72
33.24, 52
33.25, 58
33.26, 56
33.27, 58
33.28, 58
33.29, 55
33.3, 58
33.31, 31
33.32, 50
33.33, 51
33.34, 57
33.35, 57
33.36, 57
33.37, 54
33.38, 55
33.39, 52
33.4, 58
33.41, 61
33.42, 46
33.43, 46
33.44, 46
33.45, 49
33.46, 52
33.47, 52
33.48, 50
33.49, 55
33.5, 48
33.51, 64
33.52, 50
33.53, 57
33.54, 61
33.55, 59
33.56, 67
33.57, 45
33.58, 65
33.59, 54
33.6, 64
33.61, 67
33.62, 75
33.63, 62
33.64, 76
33.65, 66
33.66, 65
33.67, 75
33.68, 88
33.69, 96
33.7, 101
33.71, 93
33.72, 101
33.73, 91
33.74, 88
33.75, 89
33.76, 99
33.77, 73
33.78, 82
33.79, 67
33.8, 88
33.81, 87
33.82, 69
33.83, 61
33.84, 74
33.85, 75
33.86, 57
33.87, 69
33.88, 63
33.89, 63
33.9, 57
33.91, 61
33.92, 44
33.93, 75
33.94, 55
33.95, 70
33.96, 57
33.97, 45
33.98, 59
33.99, 49
34, 44
34.01, 51
34.02, 74
34.03, 46
34.04, 68
34.05, 47
34.06, 53
34.07, 66
34.08, 58
34.09, 51
34.1, 51
34.11, 36
34.12, 55
34.13, 48
34.14, 53
34.15, 59
34.16, 59
34.17, 66
34.18, 50
34.19, 68
34.2, 56
34.21, 64
34.22, 57
34.23, 47
34.24, 72
34.25, 61
34.26, 53
34.27, 41
34.28, 47
34.29, 66
34.3, 48
34.31, 48
34.32, 55
34.33, 74
34.34, 62
34.35, 73
34.36, 66
34.37, 60
34.38, 62
34.39, 54
34.4, 71
34.41, 77
34.42, 93
34.43, 90
34.44, 94
34.45, 95
34.46, 78
34.47, 97
34.48, 104
34.49, 104
34.5, 115
34.51, 102
34.52, 103
34.53, 94
34.54, 94
34.55, 92
34.56, 89
34.57, 108
34.58, 107
34.59, 93
34.6, 96
34.61, 90
34.62, 78
34.63, 79
34.64, 73
34.65, 76
34.66, 58
34.67, 72
34.68, 76
34.69, 69
34.7, 89
34.71, 69
34.72, 60
34.73, 66
34.74, 72
34.75, 76
34.76, 73
34.77, 91
34.78, 86
34.79, 95
34.8, 86
34.81, 84
34.82, 87
34.83, 83
34.84, 91
34.85, 87
34.86, 94
34.87, 90
34.88, 92
34.89, 71
34.9, 69
34.91, 66
34.92, 60
34.93, 66
34.94, 55
34.95, 63
34.96, 65
34.97, 78
34.98, 66
34.99, 59
35, 56
35.01, 69
35.02, 45
35.03, 61
35.04, 60
35.05, 55
35.06, 37
35.07, 66
35.08, 62
35.09, 45
35.1, 46
35.11, 57
35.12, 50
35.13, 51
35.14, 46
35.15, 50
35.16, 43
35.17, 47
35.18, 58
35.19, 53
35.2, 35
35.21, 45
35.22, 56
35.23, 56
35.24, 54
35.25, 63
35.26, 61
35.27, 48
35.28, 51
35.29, 49
35.3, 51
35.31, 46
35.32, 49
35.33, 43
35.34, 54
35.35, 51
35.36, 58
35.37, 42
35.38, 55
35.39, 44
35.4, 55
35.41, 46
35.42, 52
35.43, 41
35.44, 38
35.45, 48
35.46, 37
35.47, 46
35.48, 42
35.49, 43
35.5, 44
35.51, 42
35.52, 39
35.53, 46
35.54, 40
35.55, 56
35.56, 35
35.57, 47
35.58, 48
35.59, 46
35.6, 55
35.61, 54
35.62, 55
35.63, 44
35.64, 43
35.65, 43
35.66, 52
35.67, 53
35.68, 43
35.69, 46
35.7, 35
35.71, 37
35.72, 42
35.73, 43
35.74, 48
35.75, 39
35.76, 52
35.77, 45
35.78, 26
35.79, 45
35.8, 43
35.81, 43
35.82, 44
35.83, 58
35.84, 42
35.85, 32
35.86, 45
35.87, 44
35.88, 53
35.89, 49
35.9, 49
35.91, 49
35.92, 52
35.93, 39
35.94, 46
35.95, 40
35.96, 45
35.97, 41
35.98, 51
35.99, 43
36, 41
36.01, 39
36.02, 41
36.03, 38
36.04, 43
36.05, 41
36.06, 38
36.07, 43
36.08, 42
36.09, 50
36.1, 41
36.11, 56
36.12, 41
36.13, 44
36.14, 47
36.15, 42
36.16, 42
36.17, 37
36.18, 56
36.19, 33
36.2, 49
36.21, 48
36.22, 36
36.23, 47
36.24, 41
36.25, 55
36.26, 47
36.27, 39
36.28, 42
36.29, 41
36.3, 49
36.31, 45
36.32, 47
36.33, 39
36.34, 49
36.35, 54
36.36, 35
36.37, 40
36.38, 47
36.39, 62
36.4, 44
36.41, 54
36.42, 46
36.43, 58
36.44, 48
36.45, 32
36.46, 45
36.47, 44
36.48, 61
36.49, 47
36.5, 54
36.51, 51
36.52, 59
36.53, 44
36.54, 59
36.55, 54
36.56, 63
36.57, 60
36.58, 72
36.59, 63
36.6, 81
36.61, 66
36.62, 85
36.63, 78
36.64, 86
36.65, 91
36.66, 61
36.67, 83
36.68, 89
36.69, 85
36.7, 74
36.71, 66
36.72, 88
36.73, 76
36.74, 82
36.75, 81
36.76, 79
36.77, 82
36.78, 71
36.79, 85
36.8, 80
36.81, 88
36.82, 92
36.83, 93
36.84, 104
36.85, 103
36.86, 129
36.87, 113
36.88, 117
36.89, 141
36.9, 136
36.91, 135
36.92, 134
36.93, 146
36.94, 137
36.95, 127
36.96, 141
36.97, 129
36.98, 106
36.99, 98
37, 96
37.01, 112
37.02, 94
37.03, 104
37.04, 95
37.05, 94
37.06, 93
37.07, 80
37.08, 79
37.09, 87
37.1, 71
37.11, 86
37.12, 76
37.13, 78
37.14, 86
37.15, 81
37.16, 99
37.17, 73
37.18, 80
37.19, 93
37.2, 104
37.21, 82
37.22, 87
37.23, 106
37.24, 86
37.25, 75
37.26, 79
37.27, 84
37.28, 70
37.29, 76
37.3, 95
37.31, 85
37.32, 75
37.33, 76
37.34, 66
37.35, 70
37.36, 65
37.37, 56
37.38, 65
37.39, 41
37.4, 52
37.41, 62
37.42, 56
37.43, 58
37.44, 59
37.45, 47
37.46, 50
37.47, 47
37.48, 39
37.49, 55
37.5, 49
37.51, 59
37.52, 50
37.53, 49
37.54, 53
37.55, 55
37.56, 49
37.57, 61
37.58, 56
37.59, 62
37.6, 56
37.61, 56
37.62, 56
37.63, 40
37.64, 73
37.65, 64
37.66, 69
37.67, 73
37.68, 86
37.69, 79
37.7, 68
37.71, 81
37.72, 90
37.73, 99
37.74, 118
37.75, 126
37.76, 131
37.77, 155
37.78, 157
37.79, 202
37.8, 237
37.81, 229
37.82, 233
37.83, 268
37.84, 253
37.85, 225
37.86, 225
37.87, 207
37.88, 213
37.89, 181
37.9, 187
37.91, 185
37.92, 178
37.93, 156
37.94, 168
37.95, 145
37.96, 143
37.97, 128
37.98, 111
37.99, 99
38, 90
38.01, 85
38.02, 72
38.03, 76
38.04, 75
38.05, 70
38.06, 74
38.07, 56
38.08, 55
38.09, 52
38.1, 62
38.11, 69
38.12, 51
38.13, 47
38.14, 46
38.15, 47
38.16, 46
38.17, 34
38.18, 61
38.19, 48
38.2, 38
38.21, 59
38.22, 44
38.23, 53
38.24, 57
38.25, 55
38.26, 49
38.27, 37
38.28, 46
38.29, 37
38.3, 50
38.31, 50
38.32, 46
38.33, 67
38.34, 47
38.35, 44
38.36, 54
38.37, 26
38.38, 46
38.39, 42
38.4, 36
38.41, 33
38.42, 49
38.43, 44
38.44, 50
38.45, 44
38.46, 46
38.47, 57
38.48, 36
38.49, 39
38.5, 47
38.51, 41
38.52, 42
38.53, 42
38.54, 37
38.55, 40
38.56, 48
38.57, 48
38.58, 37
38.59, 39
38.6, 42
38.61, 40
38.62, 40
38.63, 44
38.64, 42
38.65, 55
38.66, 45
38.67, 35
38.68, 45
38.69, 42
38.7, 23
38.71, 39
38.72, 30
38.73, 30
38.74, 36
38.75, 42
38.76, 41
38.77, 51
38.78, 43
38.79, 39
38.8, 35
38.81, 49
38.82, 46
38.83, 48
38.84, 48
38.85, 41
38.86, 38
38.87, 32
38.88, 34
38.89, 43
38.9, 30
38.91, 53
38.92, 41
38.93, 42
38.94, 44
38.95, 39
38.96, 33
38.97, 38
38.98, 43
38.99, 42
39, 32
39.01, 50
39.02, 34
39.03, 33
39.04, 33
39.05, 43
39.06, 30
39.07, 37
39.08, 40
39.09, 48
39.1, 35
39.11, 48
39.12, 51
39.13, 44
39.14, 31
39.15, 41
39.16, 43
39.17, 43
39.18, 41
39.19, 40
39.2, 31
39.21, 37
39.22, 37
39.23, 36
39.24, 37
39.25, 33
39.26, 43
39.27, 36
39.28, 45
39.29, 45
39.3, 40
39.31, 53
39.32, 42
39.33, 51
39.34, 36
39.35, 43
39.36, 45
39.37, 28
39.38, 37
39.39, 56
39.4, 39
39.41, 42
39.42, 34
39.43, 39
39.44, 34
39.45, 40
39.46, 34
39.47, 40
39.48, 41
39.49, 41
39.5, 30
39.51, 35
39.52, 31
39.53, 39
39.54, 45
39.55, 31
39.56, 37
39.57, 38
39.58, 47
39.59, 44
39.6, 35
39.61, 35
39.62, 41
39.63, 36
39.64, 37
39.65, 43
39.66, 38
39.67, 34
39.68, 29
39.69, 38
39.7, 45
39.71, 44
39.72, 44
39.73, 37
39.74, 37
39.75, 46
39.76, 48
39.77, 43
39.78, 37
39.79, 36
39.8, 36
39.81, 33
39.82, 42
39.83, 48
39.84, 40
39.85, 35
39.86, 35
39.87, 29
39.88, 38
39.89, 34
39.9, 41
39.91, 46
39.92, 46
39.93, 44
39.94, 28
39.95, 47
39.96, 48
39.97, 38
39.98, 44
39.99, 39
40, 33
40.01, 32
40.02, 43
40.03, 36
40.04, 42
40.05, 44
40.06, 58
40.07, 31
40.08, 42
40.09, 30
40.1, 35
40.11, 41
40.12, 40
40.13, 36
40.14, 42
40.15, 56
40.16, 36
40.17, 49
40.18, 47
40.19, 41
40.2, 40
40.21, 46
40.22, 45
40.23, 40
40.24, 38
40.25, 43
40.26, 41
40.27, 32
40.28, 30
40.29, 38
40.3, 37
40.31, 44
40.32, 36
40.33, 49
40.34, 37
40.35, 49
40.36, 38
40.37, 48
40.38, 34
40.39, 28
40.4, 39
40.41, 48
40.42, 51
40.43, 48
40.44, 42
40.45, 36
40.46, 43
40.47, 34
40.48, 38
40.49, 45
40.5, 39
40.51, 33
40.52, 47
40.53, 53
40.54, 31
40.55, 42
40.56, 37
40.57, 46
40.58, 40
40.59, 33
40.6, 43
40.61, 37
40.62, 34
40.63, 40
40.64, 34
40.65, 37
40.66, 47
40.67, 30
40.68, 57
40.69, 40
40.7, 42
40.71, 34
40.72, 57
40.73, 46
40.74, 40
40.75, 51
40.76, 49
40.77, 50
40.78, 51
40.79, 52
40.8, 48
40.81, 80
40.82, 71
40.83, 67
40.84, 52
40.85, 63
40.86, 47
40.87, 56
40.88, 50
40.89, 48
40.9, 56
40.91, 55
40.92, 62
40.93, 50
40.94, 59
40.95, 53
40.96, 60
40.97, 54
40.98, 53
40.99, 51
41, 36
41.01, 56
41.02, 43
41.03, 47
41.04, 44
41.05, 49
41.06, 49
41.07, 34
41.08, 44
41.09, 48
41.1, 33
41.11, 38
41.12, 42
41.13, 40
41.14, 36
41.15, 44
41.16, 37
41.17, 42
41.18, 46
41.19, 37
41.2, 42
41.21, 39
41.22, 54
41.23, 32
41.24, 33
41.25, 41
41.26, 35
41.27, 48
41.28, 41
41.29, 47
41.3, 46
41.31, 40
41.32, 37
41.33, 37
41.34, 40
41.35, 45
41.36, 36
41.37, 43
41.38, 41
41.39, 49
41.4, 38
41.41, 35
41.42, 29
41.43, 34
41.44, 45
41.45, 37
41.46, 40
41.47, 43
41.48, 32
41.49, 32
41.5, 35
41.51, 32
41.52, 37
41.53, 43
41.54, 35
41.55, 27
41.56, 49
41.57, 37
41.58, 28
41.59, 37
41.6, 37
41.61, 26
41.62, 29
41.63, 47
41.64, 42
41.65, 32
41.66, 39
41.67, 44
41.68, 28
41.69, 31
41.7, 36
41.71, 39
41.72, 36
41.73, 32
41.74, 36
41.75, 44
41.76, 39
41.77, 30
41.78, 27
41.79, 27
41.8, 28
41.81, 45
41.82, 35
41.83, 37
41.84, 45
41.85, 46
41.86, 26
41.87, 40
41.88, 35
41.89, 36
41.9, 28
41.91, 41
41.92, 52
41.93, 36
41.94, 40
41.95, 33
41.96, 36
41.97, 41
41.98, 27
41.99, 31
42, 39
42.01, 42
42.02, 33
42.03, 35
42.04, 40
42.05, 36
42.06, 24
42.07, 30
42.08, 39
42.09, 33
42.1, 38
42.11, 35
42.12, 31
42.13, 42
42.14, 33
42.15, 35
42.16, 32
42.17, 22
42.18, 41
42.19, 31
42.2, 37
42.21, 33
42.22, 27
42.23, 40
42.24, 33
42.25, 35
42.26, 41
42.27, 31
42.28, 33
42.29, 34
42.3, 41
42.31, 28
42.32, 31
42.33, 27
42.34, 34
42.35, 43
42.36, 29
42.37, 34
42.38, 34
42.39, 28
42.4, 32
42.41, 37
42.42, 28
42.43, 47
42.44, 42
42.45, 42
42.46, 39
42.47, 42
42.48, 39
42.49, 39
42.5, 28
42.51, 41
42.52, 29
42.53, 33
42.54, 37
42.55, 39
42.56, 45
42.57, 37
42.58, 40
42.59, 28
42.6, 43
42.61, 30
42.62, 34
42.63, 38
42.64, 37
42.65, 32
42.66, 35
42.67, 28
42.68, 41
42.69, 31
42.7, 28
42.71, 44
42.72, 39
42.73, 35
42.74, 29
42.75, 34
42.76, 42
42.77, 43
42.78, 42
42.79, 44
42.8, 34
42.81, 29
42.82, 25
42.83, 48
42.84, 37
42.85, 36
42.86, 28
42.87, 37
42.88, 41
42.89, 39
42.9, 45
42.91, 42
42.92, 31
42.93, 49
42.94, 35
42.95, 49
42.96, 42
42.97, 40
42.98, 41
42.99, 37
43, 37
43.01, 28
43.02, 27
43.03, 41
43.04, 39
43.05, 37
43.06, 47
43.07, 38
43.08, 37
43.09, 35
43.1, 47
43.11, 35
43.12, 40
43.13, 46
43.14, 46
43.15, 47
43.16, 35
43.17, 33
43.18, 44
43.19, 36
43.2, 50
43.21, 45
43.22, 46
43.23, 49
43.24, 46
43.25, 44
43.26, 53
43.27, 47
43.28, 51
43.29, 39
43.3, 59
43.31, 54
43.32, 58
43.33, 44
43.34, 48
43.35, 51
43.36, 57
43.37, 55
43.38, 60
43.39, 50
43.4, 69
43.41, 48
43.42, 51
43.43, 61
43.44, 62
43.45, 60
43.46, 63
43.47, 52
43.48, 61
43.49, 79
43.5, 53
43.51, 61
43.52, 61
43.53, 52
43.54, 54
43.55, 52
43.56, 61
43.57, 59
43.58, 53
43.59, 50
43.6, 59
43.61, 67
43.62, 70
43.63, 49
43.64, 59
43.65, 42
43.66, 59
43.67, 49
43.68, 57
43.69, 46
43.7, 43
43.71, 48
43.72, 41
43.73, 45
43.74, 50
43.75, 51
43.76, 47
43.77, 52
43.78, 51
43.79, 45
43.8, 46
43.81, 47
43.82, 44
43.83, 36
43.84, 44
43.85, 38
43.86, 36
43.87, 50
43.88, 43
43.89, 54
43.9, 42
43.91, 38
43.92, 33
43.93, 52
43.94, 34
43.95, 39
43.96, 35
43.97, 34
43.98, 44
43.99, 39
44, 41
44.01, 43
44.02, 38
44.03, 44
44.04, 47
44.05, 37
44.06, 37
44.07, 35
44.08, 40
44.09, 37
44.1, 29
44.11, 44
44.12, 41
44.13, 38
44.14, 45
44.15, 40
44.16, 33
44.17, 39
44.18, 44
44.19, 36
44.2, 32
44.21, 30
44.22, 31
44.23, 38
44.24, 37
44.25, 48
44.26, 50
44.27, 45
44.28, 47
44.29, 44
44.3, 47
44.31, 37
44.32, 55
44.33, 53
44.34, 36
44.35, 45
44.36, 48
44.37, 23
44.38, 37
44.39, 37
44.4, 34
44.41, 53
44.42, 33
44.43, 48
44.44, 44
44.45, 40
44.46, 49
44.47, 43
44.48, 45
44.49, 44
44.5, 42
44.51, 41
44.52, 33
44.53, 44
44.54, 34
44.55, 39
44.56, 40
44.57, 27
44.58, 31
44.59, 36
44.6, 36
44.61, 36
44.62, 47
44.63, 35
44.64, 25
44.65, 43
44.66, 38
44.67, 39
44.68, 29
44.69, 27
44.7, 32
44.71, 35
44.72, 39
44.73, 37
44.74, 34
44.75, 33
44.76, 39
44.77, 28
44.78, 38
44.79, 28
44.8, 35
44.81, 32
44.82, 28
44.83, 26
44.84, 57
44.85, 40
44.86, 35
44.87, 30
44.88, 38
44.89, 36
44.9, 35
44.91, 32
44.92, 44
44.93, 29
44.94, 34
44.95, 31
44.96, 31
44.97, 30
44.98, 39
44.99, 44
45, 31
45.01, 39
45.02, 30
45.03, 37
45.04, 45
45.05, 26
45.06, 23
45.07, 43
45.08, 20
45.09, 35
45.1, 32
45.11, 30
45.12, 44
45.13, 32
45.14, 41
45.15, 32
45.16, 32
45.17, 38
45.18, 36
45.19, 25
45.2, 39
45.21, 29
45.22, 36
45.23, 36
45.24, 35
45.25, 30
45.26, 34
45.27, 31
45.28, 33
45.29, 41
45.3, 26
45.31, 33
45.32, 40
45.33, 24
45.34, 38
45.35, 37
45.36, 34
45.37, 35
45.38, 26
45.39, 31
45.4, 38
45.41, 39
45.42, 36
45.43, 31
45.44, 35
45.45, 37
45.46, 31
45.47, 48
45.48, 42
45.49, 34
45.5, 44
45.51, 40
45.52, 34
45.53, 31
45.54, 53
45.55, 35
45.56, 30
45.57, 39
45.58, 34
45.59, 38
45.6, 41
45.61, 44
45.62, 42
45.63, 45
45.64, 42
45.65, 34
45.66, 31
45.67, 36
45.68, 35
45.69, 33
45.7, 40
45.71, 36
45.72, 28
45.73, 33
45.74, 40
45.75, 37
45.76, 34
45.77, 34
45.78, 28
45.79, 43
45.8, 32
45.81, 30
45.82, 34
45.83, 28
45.84, 33
45.85, 31
45.86, 27
45.87, 28
45.88, 45
45.89, 31
45.9, 32
45.91, 31
45.92, 40
45.93, 33
45.94, 42
45.95, 31
45.96, 32
45.97, 33
45.98, 26
45.99, 37
46, 33
46.01, 32
46.02, 24
46.03, 36
46.04, 35
46.05, 37
46.06, 36
46.07, 44
46.08, 33
46.09, 33
46.1, 28
46.11, 31
46.12, 25
46.13, 28
46.14, 35
46.15, 40
46.16, 27
46.17, 31
46.18, 29
46.19, 45
46.2, 39
46.21, 22
46.22, 47
46.23, 43
46.24, 39
46.25, 46
46.26, 44
46.27, 41
46.28, 50
46.29, 33
46.3, 34
46.31, 50
46.32, 39
46.33, 47
46.34, 45
46.35, 48
46.36, 36
46.37, 50
46.38, 31
46.39, 37
46.4, 35
46.41, 45
46.42, 44
46.43, 43
46.44, 40
46.45, 41
46.46, 30
46.47, 33
46.48, 36
46.49, 34
46.5, 37
46.51, 30
46.52, 39
46.53, 40
46.54, 25
46.55, 33
46.56, 23
46.57, 31
46.58, 19
46.59, 38
46.6, 29
46.61, 33
46.62, 38
46.63, 27
46.64, 28
46.65, 40
46.66, 34
46.67, 37
46.68, 29
46.69, 19
46.7, 21
46.71, 27
46.72, 29
46.73, 30
46.74, 31
46.75, 32
46.76, 29
46.77, 23
46.78, 29
46.79, 27
46.8, 24
46.81, 15
46.82, 26
46.83, 30
46.84, 43
46.85, 25
46.86, 25
46.87, 20
46.88, 37
46.89, 32
46.9, 40
46.91, 34
46.92, 25
46.93, 34
46.94, 24
46.95, 25
46.96, 21
46.97, 39
46.98, 22
46.99, 27
47, 26
47.01, 33
47.02, 23
47.03, 29
47.04, 21
47.05, 34
47.06, 36
47.07, 24
47.08, 37
47.09, 29
47.1, 36
47.11, 32
47.12, 19
47.13, 32
47.14, 30
47.15, 22
47.16, 22
47.17, 40
47.18, 29
47.19, 30
47.2, 28
47.21, 26
47.22, 27
47.23, 29
47.24, 21
47.25, 24
47.26, 34
47.27, 27
47.28, 24
47.29, 28
47.3, 31
47.31, 28
47.32, 28
47.33, 18
47.34, 33
47.35, 29
47.36, 25
47.37, 19
47.38, 25
47.39, 21
47.4, 35
47.41, 28
47.42, 31
47.43, 36
47.44, 21
47.45, 22
47.46, 20
47.47, 31
47.48, 42
47.49, 32
47.5, 30
47.51, 38
47.52, 28
47.53, 35
47.54, 29
47.55, 34
47.56, 20
47.57, 34
47.58, 30
47.59, 35
47.6, 37
47.61, 29
47.62, 37
47.63, 26
47.64, 39
47.65, 38
47.66, 24
47.67, 30
47.68, 34
47.69, 30
47.7, 42
47.71, 23
47.72, 20
47.73, 33
47.74, 36
47.75, 28
47.76, 36
47.77, 32
47.78, 25
47.79, 30
47.8, 26
47.81, 41
47.82, 37
47.83, 29
47.84, 52
47.85, 42
47.86, 39
47.87, 38
47.88, 41
47.89, 32
47.9, 44
47.91, 34
47.92, 31
47.93, 27
47.94, 55
47.95, 40
47.96, 37
47.97, 33
47.98, 36
47.99, 38
48, 43
48.01, 41
48.02, 31
48.03, 31
48.04, 31
48.05, 22
48.06, 35
48.07, 38
48.08, 27
48.09, 34
48.1, 20
48.11, 32
48.12, 16
48.13, 27
48.14, 28
48.15, 32
48.16, 21
48.17, 36
48.18, 32
48.19, 16
48.2, 22
48.21, 25
48.22, 22
48.23, 32
48.24, 25
48.25, 18
48.26, 22
48.27, 22
48.28, 17
48.29, 20
48.3, 23
48.31, 24
48.32, 22
48.33, 29
48.34, 31
48.35, 22
48.36, 27
48.37, 22
48.38, 27
48.39, 25
48.4, 36
48.41, 22
48.42, 21
48.43, 16
48.44, 34
48.45, 35
48.46, 22
48.47, 30
48.48, 36
48.49, 26
48.5, 24
48.51, 30
48.52, 28
48.53, 19
48.54, 33
48.55, 19
48.56, 22
48.57, 21
48.58, 20
48.59, 28
48.6, 25
48.61, 25
48.62, 25
48.63, 26
48.64, 22
48.65, 31
48.66, 28
48.67, 29
48.68, 33
48.69, 32
48.7, 26
48.71, 33
48.72, 27
48.73, 27
48.74, 18
48.75, 32
48.76, 35
48.77, 44
48.78, 30
48.79, 39
48.8, 27
48.81, 39
48.82, 43
48.83, 29
48.84, 48
48.85, 40
48.86, 32
48.87, 35
48.88, 50
48.89, 36
48.9, 42
48.91, 29
48.92, 34
48.93, 26
48.94, 40
48.95, 33
48.96, 40
48.97, 26
48.98, 30
48.99, 34
49, 35
49.01, 29
49.02, 22
49.03, 35
49.04, 25
49.05, 21
49.06, 32
49.07, 16
49.08, 29
49.09, 29
49.1, 28
49.11, 22
49.12, 27
49.13, 27
49.14, 35
49.15, 24
49.16, 23
49.17, 19
49.18, 27
49.19, 31
49.2, 26
49.21, 22
49.22, 24
49.23, 28
49.24, 30
49.25, 30
49.26, 21
49.27, 21
49.28, 28
49.29, 24
49.3, 32
49.31, 24
49.32, 23
49.33, 26
49.34, 24
49.35, 20
49.36, 28
49.37, 22
49.38, 26
49.39, 27
49.4, 24
49.41, 33
49.42, 29
49.43, 18
49.44, 30
49.45, 36
49.46, 23
49.47, 21
49.48, 31
49.49, 33
49.5, 24
49.51, 26
49.52, 20
49.53, 24
49.54, 25
49.55, 24
49.56, 30
49.57, 31
49.58, 25
49.59, 21
49.6, 18
49.61, 27
49.62, 30
49.63, 24
49.64, 25
49.65, 31
49.66, 14
49.67, 19
49.68, 27
49.69, 18
49.7, 28
49.71, 26
49.72, 22
49.73, 29
49.74, 21
49.75, 29
49.76, 26
49.77, 19
49.78, 22
49.79, 28
49.8, 21
49.81, 22
49.82, 23
49.83, 20
49.84, 23
49.85, 27
49.86, 28
49.87, 17
49.88, 22
49.89, 21
49.9, 23
49.91, 15
49.92, 24
49.93, 28
49.94, 26
49.95, 28
49.96, 23
49.97, 27
49.98, 31
49.99, 31
50, 19
50.01, 28
50.02, 28
50.03, 23
50.04, 23
50.05, 20
50.06, 27
50.07, 19
50.08, 29
50.09, 24
50.1, 29
50.11, 17
50.12, 26
50.13, 24
50.14, 22
50.15, 24
50.16, 26
50.17, 19
50.18, 24
50.19, 24
50.2, 25
50.21, 29
50.22, 21
50.23, 28
50.24, 24
50.25, 19
50.26, 29
50.27, 28
50.28, 31
50.29, 34
50.3, 34
50.31, 22
50.32, 27
50.33, 29
50.34, 35
50.35, 30
50.36, 23
50.37, 21
50.38, 31
50.39, 32
50.4, 30
50.41, 28
50.42, 26
50.43, 30
50.44, 26
50.45, 25
50.46, 25
50.47, 19
50.48, 27
50.49, 30
50.5, 25
50.51, 22
50.52, 31
50.53, 32
50.54, 30
50.55, 22
50.56, 24
50.57, 22
50.58, 19
50.59, 25
50.6, 28
50.61, 14
50.62, 19
50.63, 23
50.64, 29
50.65, 20
50.66, 22
50.67, 19
50.68, 16
50.69, 28
50.7, 23
50.71, 23
50.72, 24
50.73, 22
50.74, 21
50.75, 28
50.76, 29
50.77, 21
50.78, 21
50.79, 25
50.8, 34
50.81, 21
50.82, 21
50.83, 20
50.84, 25
50.85, 27
50.86, 26
50.87, 24
50.88, 26
50.89, 28
50.9, 18
50.91, 25
50.92, 28
50.93, 21
50.94, 22
50.95, 24
50.96, 23
50.97, 21
50.98, 30
50.99, 27
51, 34
51.01, 27
51.02, 16
51.03, 33
51.04, 28
51.05, 23
51.06, 21
51.07, 18
51.08, 17
51.09, 25
51.1, 31
51.11, 31
51.12, 22
51.13, 19
51.14, 21
51.15, 32
51.16, 23
51.17, 23
51.18, 24
51.19, 23
51.2, 38
51.21, 34
51.22, 20
51.23, 24
51.24, 30
51.25, 20
51.26, 29
51.27, 26
51.28, 37
51.29, 22
51.3, 27
51.31, 18
51.32, 26
51.33, 29
51.34, 22
51.35, 28
51.36, 24
51.37, 33
51.38, 29
51.39, 20
51.4, 26
51.41, 19
51.42, 30
51.43, 25
51.44, 24
51.45, 23
51.46, 20
51.47, 22
51.48, 19
51.49, 17
51.5, 24
51.51, 31
51.52, 18
51.53, 33
51.54, 27
51.55, 23
51.56, 31
51.57, 20
51.58, 29
51.59, 25
51.6, 21
51.61, 16
51.62, 25
51.63, 17
51.64, 18
51.65, 25
51.66, 23
51.67, 12
51.68, 20
51.69, 18
51.7, 26
51.71, 29
51.72, 22
51.73, 19
51.74, 31
51.75, 27
51.76, 23
51.77, 15
51.78, 24
51.79, 30
51.8, 24
51.81, 18
51.82, 28
51.83, 28
51.84, 31
51.85, 26
51.86, 20
51.87, 21
51.88, 23
51.89, 23
51.9, 18
51.91, 23
51.92, 21
51.93, 17
51.94, 23
51.95, 17
51.96, 29
51.97, 20
51.98, 21
51.99, 22
52, 28
52.01, 16
52.02, 23
52.03, 23
52.04, 17
52.05, 20
52.06, 25
52.07, 22
52.08, 26
52.09, 15
52.1, 19
52.11, 21
52.12, 20
52.13, 23
52.14, 23
52.15, 16
52.16, 28
52.17, 29
52.18, 28
52.19, 20
52.2, 20
52.21, 21
52.22, 23
52.23, 28
52.24, 18
52.25, 15
52.26, 27
52.27, 21
52.28, 24
52.29, 18
52.3, 23
52.31, 31
52.32, 21
52.33, 24
52.34, 22
52.35, 26
52.36, 28
52.37, 30
52.38, 16
52.39, 16
52.4, 26
52.41, 23
52.42, 25
52.43, 22
52.44, 21
52.45, 19
52.46, 18
52.47, 19
52.48, 20
52.49, 22
52.5, 23
52.51, 30
52.52, 24
52.53, 32
52.54, 28
52.55, 29
52.56, 26
52.57, 22
52.58, 23
52.59, 25
52.6, 26
52.61, 18
52.62, 26
52.63, 28
52.64, 26
52.65, 27
52.66, 20
52.67, 15
52.68, 19
52.69, 17
52.7, 19
52.71, 36
52.72, 25
52.73, 24
52.74, 28
52.75, 16
52.76, 30
52.77, 30
52.78, 27
52.79, 21
52.8, 28
52.81, 20
52.82, 27
52.83, 33
52.84, 21
52.85, 26
52.86, 19
52.87, 27
52.88, 25
52.89, 21
52.9, 32
52.91, 24
52.92, 24
52.93, 29
52.94, 27
52.95, 27
52.96, 32
52.97, 31
52.98, 17
52.99, 20
53, 29
53.01, 18
53.02, 28
53.03, 24
53.04, 20
53.05, 17
53.06, 30
53.07, 24
53.08, 21
53.09, 26
53.1, 22
53.11, 19
53.12, 25
53.13, 24
53.14, 30
53.15, 27
53.16, 25
53.17, 32
53.18, 38
53.19, 32
53.2, 31
53.21, 25
53.22, 34
53.23, 32
53.24, 28
53.25, 22
53.26, 34
53.27, 31
53.28, 51
53.29, 23
53.3, 29
53.31, 27
53.32, 37
53.33, 37
53.34, 40
53.35, 39
53.36, 49
53.37, 41
53.38, 51
53.39, 37
53.4, 28
53.41, 38
53.42, 44
53.43, 42
53.44, 25
53.45, 23
53.46, 29
53.47, 35
53.48, 35
53.49, 36
53.5, 45
53.51, 36
53.52, 37
53.53, 34
53.54, 34
53.55, 36
53.56, 36
53.57, 40
53.58, 30
53.59, 33
53.6, 23
53.61, 22
53.62, 28
53.63, 21
53.64, 31
53.65, 25
53.66, 24
53.67, 24
53.68, 28
53.69, 26
53.7, 21
53.71, 30
53.72, 26
53.73, 21
53.74, 21
53.75, 25
53.76, 20
53.77, 24
53.78, 34
53.79, 25
53.8, 29
53.81, 26
53.82, 29
53.83, 17
53.84, 24
53.85, 22
53.86, 28
53.87, 20
53.88, 16
53.89, 23
53.9, 25
53.91, 27
53.92, 16
53.93, 19
53.94, 22
53.95, 17
53.96, 30
53.97, 28
53.98, 25
53.99, 27
54, 19
54.01, 18
54.02, 30
54.03, 20
54.04, 23
54.05, 19
54.06, 20
54.07, 21
54.08, 15
54.09, 28
54.1, 22
54.11, 20
54.12, 20
54.13, 36
54.14, 21
54.15, 29
54.16, 28
54.17, 30
54.18, 19
54.19, 18
54.2, 20
54.21, 26
54.22, 22
54.23, 29
54.24, 29
54.25, 21
54.26, 19
54.27, 17
54.28, 28
54.29, 20
54.3, 23
54.31, 22
54.32, 25
54.33, 26
54.34, 21
54.35, 26
54.36, 21
54.37, 24
54.38, 20
54.39, 24
54.4, 30
54.41, 30
54.42, 10
54.43, 22
54.44, 14
54.45, 24
54.46, 31
54.47, 23
54.48, 24
54.49, 24
54.5, 20
54.51, 29
54.52, 26
54.53, 26
54.54, 36
54.55, 15
54.56, 16
54.57, 26
54.58, 15
54.59, 20
54.6, 17
54.61, 23
54.62, 16
54.63, 30
54.64, 25
54.65, 21
54.66, 25
54.67, 22
54.68, 22
54.69, 15
54.7, 26
54.71, 20
54.72, 18
54.73, 26
54.74, 27
54.75, 19
54.76, 19
54.77, 20
54.78, 24
54.79, 23
54.8, 20
54.81, 16
54.82, 25
54.83, 22
54.84, 27
54.85, 25
54.86, 17
54.87, 16
54.88, 25
54.89, 21
54.9, 16
54.91, 14
54.92, 21
54.93, 19
54.94, 24
54.95, 22
54.96, 24
54.97, 26
54.98, 13
54.99, 20
55, 14
55.01, 26
55.02, 21
55.03, 27
55.04, 14
55.05, 26
55.06, 36
55.07, 11
55.08, 40
55.09, 25
55.1, 12
55.11, 18
55.12, 31
55.13, 18
55.14, 25
55.15, 20
55.16, 29
55.17, 22
55.18, 17
55.19, 21
55.2, 22
55.21, 23
55.22, 11
55.23, 19
55.24, 20
55.25, 30
55.26, 24
55.27, 14
55.28, 24
55.29, 14
55.3, 19
55.31, 16
55.32, 19
55.33, 20
55.34, 18
55.35, 22
55.36, 19
55.37, 25
55.38, 21
55.39, 32
55.4, 18
55.41, 18
55.42, 25
55.43, 13
55.44, 20
55.45, 15
55.46, 23
55.47, 20
55.48, 19
55.49, 16
55.5, 30
55.51, 22
55.52, 29
55.53, 19
55.54, 21
55.55, 20
55.56, 13
55.57, 22
55.58, 23
55.59, 22
55.6, 16
55.61, 13
55.62, 18
55.63, 27
55.64, 16
55.65, 16
55.66, 18
55.67, 19
55.68, 25
55.69, 31
55.7, 27
55.71, 20
55.72, 15
55.73, 24
55.74, 17
55.75, 12
55.76, 23
55.77, 31
55.78, 17
55.79, 16
55.8, 23
55.81, 25
55.82, 20
55.83, 25
55.84, 21
55.85, 16
55.86, 19
55.87, 14
55.88, 18
55.89, 21
55.9, 17
55.91, 21
55.92, 22
55.93, 26
55.94, 22
55.95, 19
55.96, 29
55.97, 18
55.98, 19
55.99, 20
56, 17
56.01, 25
56.02, 17
56.03, 26
56.04, 18
56.05, 20
56.06, 17
56.07, 26
56.08, 18
56.09, 17
56.1, 18
56.11, 20
56.12, 25
56.13, 23
56.14, 17
56.15, 20
56.16, 28
56.17, 10
56.18, 33
56.19, 13
56.2, 19
56.21, 16
56.22, 16
56.23, 20
56.24, 19
56.25, 13
56.26, 15
56.27, 23
56.28, 18
56.29, 18
56.3, 17
56.31, 27
56.32, 17
56.33, 32
56.34, 23
56.35, 31
56.36, 21
56.37, 20
56.38, 15
56.39, 16
56.4, 21
56.41, 16
56.42, 26
56.43, 19
56.44, 13
56.45, 15
56.46, 22
56.47, 19
56.48, 19
56.49, 21
56.5, 37
56.51, 18
56.52, 22
56.53, 16
56.54, 18
56.55, 22
56.56, 16
56.57, 15
56.58, 23
56.59, 22
56.6, 29
56.61, 22
56.62, 13
56.63, 24
56.64, 18
56.65, 20
56.66, 23
56.67, 20
56.68, 21
56.69, 22
56.7, 26
56.71, 29
56.72, 10
56.73, 22
56.74, 18
56.75, 23
56.76, 18
56.77, 16
56.78, 21
56.79, 22
56.8, 20
56.81, 15
56.82, 14
56.83, 13
56.84, 27
56.85, 27
56.86, 28
56.87, 16
56.88, 26
56.89, 10
56.9, 25
56.91, 26
56.92, 14
56.93, 23
56.94, 26
56.95, 21
56.96, 14
56.97, 22
56.98, 17
56.99, 17
57, 22
57.01, 15
57.02, 22
57.03, 27
57.04, 22
57.05, 20
57.06, 26
57.07, 21
57.08, 17
57.09, 18
57.1, 17
57.11, 19
57.12, 14
57.13, 25
57.14, 24
57.15, 13
57.16, 32
57.17, 22
57.18, 19
57.19, 16
57.2, 15
57.21, 28
57.22, 24
57.23, 23
57.24, 17
57.25, 25
57.26, 28
57.27, 22
57.28, 16
57.29, 28
57.3, 26
57.31, 20
57.32, 24
57.33, 25
57.34, 15
57.35, 14
57.36, 11
57.37, 27
57.38, 22
57.39, 21
57.4, 26
57.41, 14
57.42, 18
57.43, 16
57.44, 25
57.45, 19
57.46, 15
57.47, 21
57.48, 21
57.49, 22
57.5, 18
57.51, 20
57.52, 25
57.53, 17
57.54, 26
57.55, 29
57.56, 22
57.57, 21
57.58, 25
57.59, 36
57.6, 27
57.61, 26
57.62, 15
57.63, 21
57.64, 32
57.65, 16
57.66, 21
57.67, 19
57.68, 20
57.69, 25
57.7, 13
57.71, 27
57.72, 17
57.73, 28
57.74, 22
57.75, 18
57.76, 30
57.77, 27
57.78, 27
57.79, 22
57.8, 21
57.81, 20
57.82, 32
57.83, 23
57.84, 23
57.85, 22
57.86, 17
57.87, 27
57.88, 18
57.89, 21
57.9, 28
57.91, 21
57.92, 19
57.93, 10
57.94, 24
57.95, 27
57.96, 23
57.97, 19
57.98, 18
57.99, 25
58, 24
58.01, 23
58.02, 17
58.03, 24
58.04, 21
58.05, 22
58.06, 19
58.07, 23
58.08, 28
58.09, 22
58.1, 19
58.11, 25
58.12, 25
58.13, 21
58.14, 28
58.15, 24
58.16, 28
58.17, 15
58.18, 22
58.19, 20
58.2, 23
58.21, 24
58.22, 21
58.23, 15
58.24, 27
58.25, 21
58.26, 22
58.27, 17
58.28, 18
58.29, 22
58.3, 17
58.31, 22
58.32, 19
58.33, 21
58.34, 23
58.35, 30
58.36, 28
58.37, 32
58.38, 22
58.39, 25
58.4, 28
58.41, 21
58.42, 25
58.43, 26
58.44, 21
58.45, 22
58.46, 32
58.47, 26
58.48, 21
58.49, 21
58.5, 24
58.51, 24
58.52, 23
58.53, 36
58.54, 19
58.55, 19
58.56, 31
58.57, 29
58.58, 24
58.59, 28
58.6, 36
58.61, 28
58.62, 29
58.63, 28
58.64, 21
58.65, 25
58.66, 19
58.67, 21
58.68, 23
58.69, 20
58.7, 26
58.71, 18
58.72, 24
58.73, 24
58.74, 20
58.75, 27
58.76, 21
58.77, 22
58.78, 23
58.79, 20
58.8, 21
58.81, 19
58.82, 14
58.83, 31
58.84, 29
58.85, 28
58.86, 19
58.87, 25
58.88, 25
58.89, 12
58.9, 17
58.91, 10
58.92, 16
58.93, 20
58.94, 22
58.95, 18
58.96, 22
58.97, 22
58.98, 18
58.99, 21
59, 16
59.01, 20
59.02, 18
59.03, 17
59.04, 17
59.05, 21
59.06, 12
59.07, 24
59.08, 17
59.09, 15
59.1, 25
59.11, 16
59.12, 20
59.13, 16
59.14, 25
59.15, 17
59.16, 20
59.17, 16
59.18, 20
59.19, 21
59.2, 22
59.21, 30
59.22, 14
59.23, 23
59.24, 12
59.25, 20
59.26, 18
59.27, 17
59.28, 18
59.29, 15
59.3, 19
59.31, 15
59.32, 14
59.33, 18
59.34, 20
59.35, 29
59.36, 17
59.37, 32
59.38, 20
59.39, 22
59.4, 28
59.41, 13
59.42, 30
59.43, 38
59.44, 24
59.45, 18
59.46, 23
59.47, 25
59.48, 18
59.49, 30
59.5, 27
59.51, 26
59.52, 21
59.53, 27
59.54, 20
59.55, 20
59.56, 18
59.57, 21
59.58, 23
59.59, 23
59.6, 26
59.61, 24
59.62, 21
59.63, 30
59.64, 28
59.65, 29
59.66, 23
59.67, 19
59.68, 23
59.69, 26
59.7, 25
59.71, 21
59.72, 30
59.73, 22
59.74, 29
59.75, 20
59.76, 30
59.77, 26
59.78, 27
59.79, 20
59.8, 19
59.81, 28
59.82, 22
59.83, 21
59.84, 21
59.85, 15
59.86, 24
59.87, 21
59.88, 25
59.89, 29
59.9, 26
59.91, 25
59.92, 14
59.93, 17
59.94, 16
59.95, 26
59.96, 25
59.97, 20
59.98, 23
59.99, 26
60, 24
60.01, 19
60.02, 26
60.03, 33
60.04, 30
60.05, 28
60.06, 17
60.07, 20
60.08, 31
60.09, 24
60.1, 36
60.11, 25
60.12, 30
60.13, 36
60.14, 27
60.15, 31
60.16, 24
60.17, 30
60.18, 32
60.19, 25
60.2, 17
60.21, 22
60.22, 23
60.23, 24
60.24, 26
60.25, 26
60.26, 25
60.27, 31
60.28, 22
60.29, 28
60.3, 24
60.31, 31
60.32, 30
60.33, 27
60.34, 21
60.35, 21
60.36, 29
60.37, 24
60.38, 18
60.39, 27
60.4, 13
60.41, 34
60.42, 20
60.43, 20
60.44, 19
60.45, 20
60.46, 18
60.47, 10
60.48, 16
60.49, 17
60.5, 19
60.51, 25
60.52, 29
60.53, 17
60.54, 24
60.55, 15
60.56, 12
60.57, 28
60.58, 23
60.59, 18
60.6, 16
60.61, 16
60.62, 13
60.63, 23
60.64, 28
60.65, 15
60.66, 19
60.67, 16
60.68, 17
60.69, 18
60.7, 16
60.71, 14
60.72, 20
60.73, 16
60.74, 24
60.75, 29
60.76, 21
60.77, 18
60.78, 20
60.79, 18
60.8, 17
60.81, 24
60.82, 21
60.83, 19
60.84, 24
60.85, 19
60.86, 19
60.87, 17
60.88, 21
60.89, 23
60.9, 22
60.91, 26
60.92, 28
60.93, 30
60.94, 24
60.95, 24
60.96, 17
60.97, 16
60.98, 18
60.99, 21
61, 20
61.01, 21
61.02, 15
61.03, 19
61.04, 19
61.05, 26
61.06, 21
61.07, 22
61.08, 28
61.09, 24
61.1, 31
61.11, 31
61.12, 28
61.13, 32
61.14, 22
61.15, 25
61.16, 33
61.17, 29
61.18, 29
61.19, 19
61.2, 27
61.21, 28
61.22, 21
61.23, 27
61.24, 25
61.25, 22
61.26, 26
61.27, 27
61.28, 29
61.29, 21
61.3, 22
61.31, 29
61.32, 32
61.33, 23
61.34, 18
61.35, 18
61.36, 18
61.37, 31
61.38, 27
61.39, 19
61.4, 22
61.41, 15
61.42, 33
61.43, 32
61.44, 32
61.45, 27
61.46, 28
61.47, 23
61.48, 21
61.49, 25
61.5, 24
61.51, 21
61.52, 21
61.53, 28
61.54, 20
61.55, 26
61.56, 17
61.57, 13
61.58, 25
61.59, 18
61.6, 27
61.61, 20
61.62, 26
61.63, 14
61.64, 18
61.65, 18
61.66, 28
61.67, 29
61.68, 16
61.69, 25
61.7, 18
61.71, 22
61.72, 22
61.73, 16
61.74, 20
61.75, 21
61.76, 16
61.77, 21
61.78, 12
61.79, 18
61.8, 19
61.81, 20
61.82, 23
61.83, 24
61.84, 23
61.85, 24
61.86, 13
61.87, 16
61.88, 21
61.89, 20
61.9, 16
61.91, 16
61.92, 27
61.93, 20
61.94, 26
61.95, 18
61.96, 16
61.97, 27
61.98, 25
61.99, 15
62, 20
62.01, 17
62.02, 13
62.03, 17
62.04, 26
62.05, 21
62.06, 17
62.07, 32
62.08, 25
62.09, 19
62.1, 17
62.11, 17
62.12, 19
62.13, 20
62.14, 19
62.15, 20
62.16, 11
62.17, 18
62.18, 18
62.19, 27
62.2, 19
62.21, 21
62.22, 24
62.23, 18
62.24, 24
62.25, 25
62.26, 19
62.27, 24
62.28, 25
62.29, 23
62.3, 24
62.31, 19
62.32, 28
62.33, 17
62.34, 10
62.35, 19
62.36, 19
62.37, 19
62.38, 31
62.39, 21
62.4, 33
62.41, 23
62.42, 19
62.43, 20
62.44, 26
62.45, 14
62.46, 16
62.47, 23
62.48, 15
62.49, 27
62.5, 22
62.51, 23
62.52, 18
62.53, 22
62.54, 30
62.55, 22
62.56, 24
62.57, 27
62.58, 24
62.59, 18
62.6, 21
62.61, 22
62.62, 22
62.63, 33
62.64, 28
62.65, 24
62.66, 20
62.67, 26
62.68, 20
62.69, 28
62.7, 19
62.71, 33
62.72, 36
62.73, 33
62.74, 37
62.75, 27
62.76, 32
62.77, 27
62.78, 20
62.79, 31
62.8, 31
62.81, 21
62.82, 19
62.83, 23
62.84, 31
62.85, 21
62.86, 29
62.87, 28
62.88, 26
62.89, 20
62.9, 25
62.91, 21
62.92, 22
62.93, 29
62.94, 24
62.95, 21
62.96, 31
62.97, 26
62.98, 16
62.99, 19
63, 19
63.01, 27
63.02, 26
63.03, 27
63.04, 33
63.05, 18
63.06, 15
63.07, 25
63.08, 21
63.09, 16
63.1, 27
63.11, 15
63.12, 15
63.13, 17
63.14, 19
63.15, 16
63.16, 15
63.17, 19
63.18, 22
63.19, 17
63.2, 13
63.21, 25
63.22, 25
63.23, 28
63.24, 15
63.25, 25
63.26, 33
63.27, 21
63.28, 24
63.29, 23
63.3, 23
63.31, 20
63.32, 33
63.33, 16
63.34, 18
63.35, 30
63.36, 25
63.37, 21
63.38, 24
63.39, 26
63.4, 19
63.41, 16
63.42, 26
63.43, 28
63.44, 27
63.45, 22
63.46, 18
63.47, 26
63.48, 28
63.49, 22
63.5, 19
63.51, 20
63.52, 32
63.53, 18
63.54, 27
63.55, 24
63.56, 30
63.57, 17
63.58, 27
63.59, 30
63.6, 18
63.61, 21
63.62, 16
63.63, 24
63.64, 26
63.65, 15
63.66, 33
63.67, 26
63.68, 20
63.69, 26
63.7, 29
63.71, 26
63.72, 20
63.73, 27
63.74, 27
63.75, 26
63.76, 23
63.77, 17
63.78, 23
63.79, 28
63.8, 21
63.81, 33
63.82, 35
63.83, 29
63.84, 27
63.85, 30
63.86, 28
63.87, 23
63.88, 36
63.89, 20
63.9, 32
63.91, 29
63.92, 16
63.93, 20
63.94, 17
63.95, 28
63.96, 32
63.97, 26
63.98, 18
63.99, 20
64, 19
64.01, 23
64.02, 26
64.03, 24
64.04, 30
64.05, 34
64.06, 14
64.07, 21
64.08, 20
64.09, 22
64.1, 28
64.11, 25
64.12, 16
64.13, 29
64.14, 21
64.15, 15
64.16, 26
64.17, 18
64.18, 13
64.19, 23
64.2, 19
64.21, 19
64.22, 29
64.23, 18
64.24, 20
64.25, 22
64.26, 19
64.27, 24
64.28, 24
64.29, 20
64.3, 11
64.31, 15
64.32, 21
64.33, 16
64.34, 15
64.35, 18
64.36, 20
64.37, 22
64.38, 24
64.39, 13
64.4, 24
64.41, 28
64.42, 11
64.43, 15
64.44, 18
64.45, 21
64.46, 18
64.47, 11
64.48, 18
64.49, 26
64.5, 20
64.51, 18
64.52, 24
64.53, 12
64.54, 19
64.55, 23
64.56, 21
64.57, 19
64.58, 25
64.59, 25
64.6, 25
64.61, 29
64.62, 24
64.63, 21
64.64, 15
64.65, 32
64.66, 17
64.67, 19
64.68, 21
64.69, 21
64.7, 17
64.71, 21
64.72, 17
64.73, 26
64.74, 23
64.75, 22
64.76, 22
64.77, 27
64.78, 16
64.79, 22
64.8, 24
64.81, 26
64.82, 27
64.83, 25
64.84, 19
64.85, 26
64.86, 23
64.87, 17
64.88, 22
64.89, 23
64.9, 15
64.91, 13
64.92, 22
64.93, 17
64.94, 19
64.95, 25
64.96, 20
64.97, 20
64.98, 21
64.99, 23
65, 12
65.01, 15
65.02, 21
65.03, 22
65.04, 23
65.05, 13
65.06, 17
65.07, 22
65.08, 18
65.09, 18
65.1, 20
65.11, 21
65.12, 23
65.13, 19
65.14, 13
65.15, 23
65.16, 22
65.17, 10
65.18, 23
65.19, 13
65.2, 18
65.21, 23
65.22, 17
65.23, 23
65.24, 25
65.25, 14
65.26, 32
65.27, 13
65.28, 21
65.29, 20
65.3, 20
65.31, 17
65.32, 21
65.33, 19
65.34, 23
65.35, 19
65.36, 16
65.37, 25
65.38, 14
65.39, 20
65.4, 15
65.41, 15
65.42, 22
65.43, 15
65.44, 15
65.45, 19
65.46, 16
65.47, 16
65.48, 17
65.49, 17
65.5, 21
65.51, 13
65.52, 22
65.53, 28
65.54, 11
65.55, 20
65.56, 13
65.57, 14
65.58, 13
65.59, 21
65.6, 11
65.61, 17
65.62, 23
65.63, 13
65.64, 27
65.65, 30
65.66, 19
65.67, 17
65.68, 18
65.69, 32
65.7, 22
65.71, 22
65.72, 17
65.73, 17
65.74, 20
65.75, 17
65.76, 27
65.77, 20
65.78, 19
65.79, 19
65.8, 25
65.81, 24
65.82, 21
65.83, 13
65.84, 23
65.85, 14
65.86, 33
65.87, 20
65.88, 21
65.89, 18
65.9, 14
65.91, 17
65.92, 23
65.93, 26
65.94, 22
65.95, 19
65.96, 19
65.97, 19
65.98, 17
65.99, 27
66, 20
66.01, 26
66.02, 19
66.03, 23
66.04, 23
66.05, 19
66.06, 15
66.07, 28
66.08, 28
66.09, 23
66.1, 22
66.11, 18
66.12, 27
66.13, 17
66.14, 21
66.15, 25
66.16, 17
66.17, 16
66.18, 20
66.19, 23
66.2, 25
66.21, 16
66.22, 22
66.23, 19
66.24, 18
66.25, 14
66.26, 25
66.27, 36
66.28, 23
66.29, 20
66.3, 23
66.31, 17
66.32, 22
66.33, 30
66.34, 21
66.35, 23
66.36, 25
66.37, 28
66.38, 19
66.39, 20
66.4, 16
66.41, 20
66.42, 18
66.43, 23
66.44, 24
66.45, 25
66.46, 23
66.47, 14
66.48, 18
66.49, 22
66.5, 14
66.51, 28
66.52, 17
66.53, 17
66.54, 19
66.55, 22
66.56, 23
66.57, 12
66.58, 22
66.59, 21
66.6, 26
66.61, 13
66.62, 19
66.63, 21
66.64, 19
66.65, 19
66.66, 18
66.67, 25
66.68, 15
66.69, 22
66.7, 20
66.71, 23
66.72, 15
66.73, 16
66.74, 21
66.75, 25
66.76, 20
66.77, 31
66.78, 15
66.79, 25
66.8, 22
66.81, 13
66.82, 18
66.83, 24
66.84, 20
66.85, 10
66.86, 16
66.87, 19
66.88, 20
66.89, 15
66.9, 16
66.91, 19
66.92, 12
66.93, 25
66.94, 18
66.95, 17
66.96, 18
66.97, 22
66.98, 21
66.99, 24
67, 18
67.01, 15
67.02, 24
67.03, 12
67.04, 23
67.05, 13
67.06, 17
67.07, 16
67.08, 19
67.09, 29
67.1, 25
67.11, 23
67.12, 14
67.13, 21
67.14, 23
67.15, 17
67.16, 12
67.17, 14
67.18, 19
67.19, 18
67.2, 23
67.21, 31
67.22, 27
67.23, 13
67.24, 19
67.25, 20
67.26, 11
67.27, 16
67.28, 19
67.29, 22
67.3, 20
67.31, 17
67.32, 12
67.33, 16
67.34, 14
67.35, 13
67.36, 13
67.37, 20
67.38, 22
67.39, 24
67.4, 31
67.41, 20
67.42, 19
67.43, 22
67.44, 17
67.45, 23
67.46, 8
67.47, 18
67.48, 11
67.49, 16
67.5, 14
67.51, 16
67.52, 14
67.53, 24
67.54, 11
67.55, 18
67.56, 19
67.57, 13
67.58, 20
67.59, 15
67.6, 5
67.61, 11
67.62, 21
67.63, 23
67.64, 21
67.65, 13
67.66, 15
67.67, 18
67.68, 15
67.69, 24
67.7, 19
67.71, 17
67.72, 14
67.73, 20
67.74, 28
67.75, 35
67.76, 17
67.77, 16
67.78, 14
67.79, 14
67.8, 26
67.81, 14
67.82, 16
67.83, 21
67.84, 16
67.85, 16
67.86, 14
67.87, 14
67.88, 22
67.89, 17
67.9, 17
67.91, 20
67.92, 18
67.93, 24
67.94, 19
67.95, 18
67.96, 24
67.97, 22
67.98, 17
67.99, 23
68, 16
68.01, 22
68.02, 19
68.03, 18
68.04, 11
68.05, 16
68.06, 22
68.07, 32
68.08, 18
68.09, 22
68.1, 22
68.11, 12
68.12, 14
68.13, 15
68.14, 23
68.15, 18
68.16, 21
68.17, 21
68.18, 25
68.19, 20
68.2, 18
68.21, 21
68.22, 27
68.23, 12
68.24, 23
68.25, 17
68.26, 24
68.27, 18
68.28, 14
68.29, 21
68.3, 22
68.31, 8
68.32, 19
68.33, 22
68.34, 21
68.35, 15
68.36, 25
68.37, 14
68.38, 17
68.39, 13
68.4, 23
68.41, 19
68.42, 21
68.43, 16
68.44, 16
68.45, 19
68.46, 22
68.47, 18
68.48, 21
68.49, 27
68.5, 10
68.51, 17
68.52, 15
68.53, 15
68.54, 18
68.55, 13
68.56, 17
68.57, 24
68.58, 25
68.59, 18
68.6, 18
68.61, 26
68.62, 15
68.63, 21
68.64, 18
68.65, 18
68.66, 17
68.67, 15
68.68, 27
68.69, 22
68.7, 24
68.71, 19
68.72, 16
68.73, 16
68.74, 18
68.75, 16
68.76, 21
68.77, 25
68.78, 14
68.79, 17
68.8, 23
68.81, 26
68.82, 17
68.83, 12
68.84, 18
68.85, 22
68.86, 22
68.87, 15
68.88, 20
68.89, 12
68.9, 16
68.91, 21
68.92, 21
68.93, 18
68.94, 21
68.95, 20
68.96, 24
68.97, 19
68.98, 21
68.99, 19
69, 14
69.01, 22
69.02, 18
69.03, 18
69.04, 23
69.05, 16
69.06, 18
69.07, 15
69.08, 24
69.09, 14
69.1, 23
69.11, 34
69.12, 23
69.13, 15
69.14, 19
69.15, 25
69.16, 20
69.17, 21
69.18, 16
69.19, 23
69.2, 30
69.21, 29
69.22, 30
69.23, 21
69.24, 22
69.25, 23
69.26, 24
69.27, 26
69.28, 31
69.29, 21
69.3, 24
69.31, 20
69.32, 15
69.33, 18
69.34, 16
69.35, 30
69.36, 25
69.37, 16
69.38, 16
69.39, 23
69.4, 11
69.41, 13
69.42, 20
69.43, 22
69.44, 17
69.45, 26
69.46, 15
69.47, 16
69.48, 16
69.49, 26
69.5, 14
69.51, 19
69.52, 23
69.53, 22
69.54, 23
69.55, 20
69.56, 15
69.57, 18
69.58, 15
69.59, 15
69.6, 15
69.61, 12
69.62, 18
69.63, 16
69.64, 16
69.65, 15
69.66, 18
69.67, 23
69.68, 24
69.69, 21
69.7, 27
69.71, 20
69.72, 14
69.73, 18
69.74, 19
69.75, 18
69.76, 13
69.77, 14
69.78, 20
69.79, 20
69.8, 22
69.81, 21
69.82, 15
69.83, 22
69.84, 15
69.85, 26
69.86, 15
69.87, 15
69.88, 19
69.89, 22
69.9, 19
69.91, 28
69.92, 19
69.93, 27
69.94, 19
69.95, 20
69.96, 28
69.97, 15
69.98, 18
69.99, 24
70, 23
70.01, 22
70.02, 25
70.03, 27
70.04, 23
70.05, 25
70.06, 13
70.07, 17
70.08, 19
70.09, 15
70.1, 21
70.11, 22
70.12, 26
70.13, 24
70.14, 15
70.15, 21
70.16, 15
70.17, 16
70.18, 25
70.19, 25
70.2, 22
70.21, 17
70.22, 25
70.23, 19
70.24, 16
70.25, 25
70.26, 16
70.27, 15
70.28, 26
70.29, 22
70.3, 13
70.31, 18
70.32, 15
70.33, 15
70.34, 29
70.35, 8
70.36, 19
70.37, 13
70.38, 23
70.39, 32
70.4, 25
70.41, 23
70.42, 21
70.43, 16
70.44, 24
70.45, 13
70.46, 20
70.47, 14
70.48, 23
70.49, 15
70.5, 17
70.51, 20
70.52, 20
70.53, 21
70.54, 21
70.55, 20
70.56, 24
70.57, 31
70.58, 21
70.59, 17
70.6, 11
70.61, 15
70.62, 26
70.63, 20
70.64, 19
70.65, 28
70.66, 29
70.67, 33
70.68, 36
70.69, 35
70.7, 22
70.71, 31
70.72, 23
70.73, 28
70.74, 38
70.75, 28
70.76, 27
70.77, 28
70.78, 23
70.79, 26
70.8, 25
70.81, 26
70.82, 22
70.83, 19
70.84, 21
70.85, 28
70.86, 24
70.87, 27
70.88, 18
70.89, 23
70.9, 31
70.91, 31
70.92, 31
70.93, 27
70.94, 23
70.95, 29
70.96, 20
70.97, 24
70.98, 27
70.99, 23
71, 18
71.01, 15
71.02, 14
71.03, 23
71.04, 16
71.05, 19
71.06, 24
71.07, 20
71.08, 22
71.09, 18
71.1, 26
71.11, 18
71.12, 22
71.13, 22
71.14, 15
71.15, 30
71.16, 14
71.17, 18
71.18, 25
71.19, 18
71.2, 16
71.21, 13
71.22, 17
71.23, 12
71.24, 22
71.25, 14
71.26, 17
71.27, 20
71.28, 22
71.29, 18
71.3, 17
71.31, 23
71.32, 23
71.33, 25
71.34, 23
71.35, 24
71.36, 22
71.37, 15
71.38, 16
71.39, 23
71.4, 27
71.41, 16
71.42, 20
71.43, 27
71.44, 17
71.45, 19
71.46, 17
71.47, 18
71.48, 25
71.49, 15
71.5, 24
71.51, 22
71.52, 19
71.53, 19
71.54, 24
71.55, 21
71.56, 17
71.57, 14
71.58, 29
71.59, 19
71.6, 23
71.61, 19
71.62, 16
71.63, 25
71.64, 17
71.65, 18
71.66, 17
71.67, 14
71.68, 25
71.69, 27
71.7, 25
71.71, 27
71.72, 15
71.73, 24
71.74, 20
71.75, 25
71.76, 23
71.77, 21
71.78, 15
71.79, 23
71.8, 18
71.81, 23
71.82, 17
71.83, 18
71.84, 13
71.85, 19
71.86, 13
71.87, 11
71.88, 15
71.89, 18
71.9, 15
71.91, 15
71.92, 16
71.93, 14
71.94, 13
71.95, 19
71.96, 14
71.97, 20
71.98, 18
71.99, 20
72, 12
72.01, 17
72.02, 17
72.03, 23
72.04, 13
72.05, 9
72.06, 27
72.07, 22
72.08, 20
72.09, 22
72.1, 20
72.11, 21
72.12, 19
72.13, 13
72.14, 25
72.15, 16
72.16, 22
72.17, 15
72.18, 14
72.19, 10
72.2, 21
72.21, 25
72.22, 25
72.23, 18
72.24, 19
72.25, 27
72.26, 18
72.27, 22
72.28, 17
72.29, 26
72.3, 22
72.31, 25
72.32, 20
72.33, 25
72.34, 20
72.35, 24
72.36, 25
72.37, 19
72.38, 18
72.39, 21
72.4, 22
72.41, 29
72.42, 29
72.43, 31
72.44, 21
72.45, 24
72.46, 19
72.47, 17
72.48, 24
72.49, 24
72.5, 26
72.51, 20
72.52, 24
72.53, 17
72.54, 17
72.55, 18
72.56, 10
72.57, 17
72.58, 19
72.59, 29
72.6, 23
72.61, 20
72.62, 26
72.63, 20
72.64, 20
72.65, 22
72.66, 21
72.67, 17
72.68, 20
72.69, 15
72.7, 21
72.71, 16
72.72, 23
72.73, 24
72.74, 17
72.75, 22
72.76, 21
72.77, 17
72.78, 18
72.79, 12
72.8, 15
72.81, 17
72.82, 16
72.83, 20
72.84, 15
72.85, 17
72.86, 14
72.87, 21
72.88, 10
72.89, 27
72.9, 23
72.91, 15
72.92, 24
72.93, 22
72.94, 20
72.95, 23
72.96, 17
72.97, 28
72.98, 31
72.99, 20
73, 22
73.01, 24
73.02, 19
73.03, 13
73.04, 10
73.05, 14
73.06, 26
73.07, 20
73.08, 18
73.09, 15
73.1, 19
73.11, 29
73.12, 19
73.13, 20
73.14, 15
73.15, 23
73.16, 23
73.17, 18
73.18, 18
73.19, 18
73.2, 11
73.21, 19
73.22, 14
73.23, 18
73.24, 19
73.25, 22
73.26, 20
73.27, 14
73.28, 15
73.29, 18
73.3, 17
73.31, 21
73.32, 22
73.33, 18
73.34, 23
73.35, 24
73.36, 19
73.37, 11
73.38, 16
73.39, 22
73.4, 24
73.41, 18
73.42, 17
73.43, 21
73.44, 28
73.45, 23
73.46, 13
73.47, 21
73.48, 16
73.49, 22
73.5, 22
73.51, 21
73.52, 25
73.53, 17
73.54, 25
73.55, 19
73.56, 24
73.57, 23
73.58, 20
73.59, 15
73.6, 10
73.61, 15
73.62, 20
73.63, 16
73.64, 22
73.65, 24
73.66, 20
73.67, 22
73.68, 21
73.69, 17
73.7, 17
73.71, 14
73.72, 24
73.73, 22
73.74, 20
73.75, 17
73.76, 16
73.77, 23
73.78, 24
73.79, 17
73.8, 15
73.81, 17
73.82, 18
73.83, 28
73.84, 18
73.85, 19
73.86, 16
73.87, 19
73.88, 24
73.89, 17
73.9, 23
73.91, 12
73.92, 20
73.93, 17
73.94, 22
73.95, 10
73.96, 24
73.97, 14
73.98, 18
73.99, 15
74, 17
74.01, 14
74.02, 18
74.03, 16
74.04, 19
74.05, 8
74.06, 15
74.07, 13
74.08, 14
74.09, 13
74.1, 16
74.11, 16
74.12, 22
74.13, 23
74.14, 22
74.15, 20
74.16, 19
74.17, 18
74.18, 18
74.19, 15
74.2, 14
74.21, 19
74.22, 20
74.23, 19
74.24, 11
74.25, 13
74.26, 23
74.27, 17
74.28, 13
74.29, 20
74.3, 16
74.31, 24
74.32, 18
74.33, 18
74.34, 27
74.35, 19
74.36, 14
74.37, 18
74.38, 23
74.39, 15
74.4, 20
74.41, 20
74.42, 23
74.43, 19
74.44, 18
74.45, 20
74.46, 19
74.47, 23
74.48, 21
74.49, 15
74.5, 19
74.51, 13
74.52, 17
74.53, 14
74.54, 17
74.55, 19
74.56, 20
74.57, 21
74.58, 19
74.59, 13
74.6, 13
74.61, 12
74.62, 23
74.63, 23
74.64, 17
74.65, 21
74.66, 22
74.67, 14
74.68, 18
74.69, 20
74.7, 20
74.71, 19
74.72, 13
74.73, 21
74.74, 19
74.75, 17
74.76, 14
74.77, 12
74.78, 13
74.79, 22
74.8, 21
74.81, 21
74.82, 26
74.83, 29
74.84, 11
74.85, 20
74.86, 13
74.87, 25
74.88, 11
74.89, 20
74.9, 21
74.91, 19
74.92, 26
74.93, 12
74.94, 22
74.95, 24
74.96, 19
74.97, 17
74.98, 20
74.99, 27
75, 18
75.01, 20
75.02, 21
75.03, 24
75.04, 16
75.05, 28
75.06, 21
75.07, 22
75.08, 21
75.09, 21
75.1, 16
75.11, 19
75.12, 18
75.13, 16
75.14, 16
75.15, 18
75.16, 20
75.17, 25
75.18, 15
75.19, 18
75.2, 13
75.21, 26
75.22, 14
75.23, 16
75.24, 17
75.25, 11
75.26, 12
75.27, 17
75.28, 16
75.29, 19
75.3, 14
75.31, 18
75.32, 18
75.33, 16
75.34, 24
75.35, 20
75.36, 23
75.37, 17
75.38, 20
75.39, 14
75.4, 23
75.41, 21
75.42, 20
75.43, 8
75.44, 19
75.45, 12
75.46, 20
75.47, 18
75.48, 25
75.49, 19
75.5, 16
75.51, 18
75.52, 20
75.53, 25
75.54, 14
75.55, 24
75.56, 20
75.57, 10
75.58, 14
75.59, 10
75.6, 18
75.61, 26
75.62, 17
75.63, 14
75.64, 24
75.65, 15
75.66, 15
75.67, 12
75.68, 18
75.69, 24
75.7, 25
75.71, 8
75.72, 20
75.73, 9
75.74, 16
75.75, 19
75.76, 20
75.77, 21
75.78, 17
75.79, 24
75.8, 17
75.81, 16
75.82, 13
75.83, 22
75.84, 20
75.85, 22
75.86, 13
75.87, 15
75.88, 17
75.89, 18
75.9, 18
75.91, 11
75.92, 16
75.93, 10
75.94, 17
75.95, 16
75.96, 15
75.97, 17
75.98, 18
75.99, 18
76, 12
76.01, 25
76.02, 15
76.03, 17
76.04, 16
76.05, 14
76.06, 11
76.07, 18
76.08, 18
76.09, 17
76.1, 11
76.11, 12
76.12, 14
76.13, 15
76.14, 18
76.15, 15
76.16, 13
76.17, 20
76.18, 17
76.19, 11
76.2, 12
76.21, 12
76.22, 12
76.23, 8
76.24, 21
76.25, 9
76.26, 20
76.27, 22
76.28, 19
76.29, 20
76.3, 14
76.31, 19
76.32, 20
76.33, 8
76.34, 19
76.35, 14
76.36, 15
76.37, 16
76.38, 18
76.39, 20
76.4, 16
76.41, 18
76.42, 19
76.43, 22
76.44, 13
76.45, 12
76.46, 16
76.47, 18
76.48, 16
76.49, 20
76.5, 18
76.51, 16
76.52, 18
76.53, 11
76.54, 23
76.55, 19
76.56, 11
76.57, 18
76.58, 20
76.59, 17
76.6, 19
76.61, 14
76.62, 16
76.63, 24
76.64, 18
76.65, 12
76.66, 6
76.67, 19
76.68, 18
76.69, 19
76.7, 12
76.71, 18
76.72, 11
76.73, 22
76.74, 20
76.75, 19
76.76, 22
76.77, 16
76.78, 12
76.79, 16
76.8, 23
76.81, 17
76.82, 12
76.83, 22
76.84, 17
76.85, 17
76.86, 20
76.87, 17
76.88, 12
76.89, 19
76.9, 13
76.91, 23
76.92, 17
76.93, 16
76.94, 16
76.95, 13
76.96, 26
76.97, 20
76.98, 26
76.99, 23
77, 13
77.01, 18
77.02, 21
77.03, 13
77.04, 16
77.05, 13
77.06, 13
77.07, 18
77.08, 19
77.09, 13
77.1, 17
77.11, 19
77.12, 7
77.13, 19
77.14, 16
77.15, 17
77.16, 19
77.17, 24
77.18, 11
77.19, 18
77.2, 16
77.21, 16
77.22, 18
77.23, 21
77.24, 10
77.25, 23
77.26, 19
77.27, 20
77.28, 11
77.29, 12
77.3, 20
77.31, 22
77.32, 18
77.33, 13
77.34, 14
77.35, 13
77.36, 15
77.37, 11
77.38, 10
77.39, 20
77.4, 8
77.41, 14
77.42, 19
77.43, 16
77.44, 19
77.45, 15
77.46, 12
77.47, 21
77.48, 23
77.49, 21
77.5, 20
77.51, 14
77.52, 12
77.53, 21
77.54, 19
77.55, 17
77.56, 7
77.57, 12
77.58, 15
77.59, 18
77.6, 15
77.61, 22
77.62, 12
77.63, 11
77.64, 9
77.65, 16
77.66, 14
77.67, 15
77.68, 13
77.69, 11
77.7, 17
77.71, 18
77.72, 17
77.73, 12
77.74, 16
77.75, 19
77.76, 14
77.77, 11
77.78, 17
77.79, 16
77.8, 13
77.81, 20
77.82, 19
77.83, 16
77.84, 20
77.85, 16
77.86, 16
77.87, 26
77.88, 13
77.89, 13
77.9, 11
77.91, 16
77.92, 16
77.93, 17
77.94, 10
77.95, 18
77.96, 18
77.97, 20
77.98, 14
77.99, 22
78, 20
78.01, 21
78.02, 26
78.03, 15
78.04, 18
78.05, 18
78.06, 33
78.07, 22
78.08, 12
78.09, 17
78.1, 21
78.11, 19
78.12, 20
78.13, 19
78.14, 14
78.15, 17
78.16, 15
78.17, 19
78.18, 21
78.19, 24
78.2, 15
78.21, 13
78.22, 25
78.23, 21
78.24, 18
78.25, 10
78.26, 21
78.27, 20
78.28, 18
78.29, 22
78.3, 17
78.31, 17
78.32, 17
78.33, 21
78.34, 15
78.35, 23
78.36, 21
78.37, 17
78.38, 14
78.39, 20
78.4, 22
78.41, 24
78.42, 22
78.43, 22
78.44, 15
78.45, 20
78.46, 18
78.47, 15
78.48, 24
78.49, 15
78.5, 23
78.51, 17
78.52, 9
78.53, 15
78.54, 16
78.55, 14
78.56, 15
78.57, 29
78.58, 20
78.59, 24
78.6, 23
78.61, 19
78.62, 17
78.63, 21
78.64, 20
78.65, 15
78.66, 16
78.67, 21
78.68, 20
78.69, 22
78.7, 24
78.71, 21
78.72, 16
78.73, 22
78.74, 12
78.75, 22
78.76, 18
78.77, 20
78.78, 17
78.79, 23
78.8, 18
78.81, 10
78.82, 13
78.83, 23
78.84, 12
78.85, 20
78.86, 21
78.87, 14
78.88, 22
78.89, 16
78.9, 15
78.91, 19
78.92, 15
78.93, 16
78.94, 22
78.95, 15
78.96, 15
78.97, 16
78.98, 17
78.99, 23
79, 16
79.01, 20
79.02, 17
79.03, 16
79.04, 17
79.05, 22
79.06, 18
79.07, 16
79.08, 16
79.09, 16
79.1, 18
79.11, 14
79.12, 17
79.13, 16
79.14, 23
79.15, 13
79.16, 19
79.17, 14
79.18, 19
79.19, 25
79.2, 13
79.21, 23
79.22, 20
79.23, 20
79.24, 18
79.25, 17
79.26, 16
79.27, 14
79.28, 18
79.29, 13
79.3, 22
79.31, 21
79.32, 19
79.33, 17
79.34, 22
79.35, 15
79.36, 19
79.37, 20
79.38, 19
79.39, 20
79.4, 16
79.41, 12
79.42, 15
79.43, 19
79.44, 10
79.45, 9
79.46, 16
79.47, 20
79.48, 18
79.49, 23
79.5, 16
79.51, 22
79.52, 11
79.53, 10
79.54, 12
79.55, 11
79.56, 16
79.57, 19
79.58, 22
79.59, 19
79.6, 11
79.61, 17
79.62, 17
79.63, 21
79.64, 18
79.65, 15
79.66, 17
79.67, 16
79.68, 10
79.69, 16
79.7, 19
79.71, 21
79.72, 13
79.73, 17
79.74, 18
79.75, 16
79.76, 20
79.77, 18
79.78, 21
79.79, 14
79.8, 9
79.81, 20
79.82, 28
79.83, 19
79.84, 14
79.85, 8
79.86, 12
79.87, 12
79.88, 14
79.89, 15
79.9, 17
79.91, 19
79.92, 13
79.93, 29
79.94, 19
79.95, 13
79.96, 17
79.97, 15
79.98, 12
79.99, 17
80, 20
80.01, 18
80.02, 22
80.03, 18
80.04, 20
80.05, 20
80.06, 11
80.07, 20
80.08, 16
80.09, 19
80.1, 17
80.11, 8
80.12, 17
80.13, 19
80.14, 14
80.15, 18
80.16, 13
80.17, 20
80.18, 16
80.19, 16
80.2, 18
80.21, 12
80.22, 11
80.23, 16
80.24, 21
80.25, 24
80.26, 20
80.27, 12
80.28, 18
80.29, 11
80.3, 18
80.31, 21
80.32, 13
80.33, 14
80.34, 10
80.35, 18
80.36, 21
80.37, 19
80.38, 23
80.39, 9
80.4, 10
80.41, 17
80.42, 14
80.43, 16
80.44, 16
80.45, 23
80.46, 22
80.47, 9
80.48, 12
80.49, 16
80.5, 17
80.51, 13
80.52, 20
80.53, 21
80.54, 16
80.55, 23
80.56, 13
80.57, 18
80.58, 16
80.59, 17
80.6, 26
80.61, 25
80.62, 17
80.63, 23
80.64, 20
80.65, 20
80.66, 25
80.67, 15
80.68, 17
80.69, 20
80.7, 21
80.71, 17
80.72, 19
80.73, 22
80.74, 13
80.75, 20
80.76, 14
80.77, 23
80.78, 10
80.79, 27
80.8, 17
80.81, 16
80.82, 25
80.83, 18
80.84, 16
80.85, 24
80.86, 16
80.87, 12
80.88, 25
80.89, 16
80.9, 17
80.91, 24
80.92, 14
80.93, 22
80.94, 17
80.95, 24
80.96, 14
80.97, 17
80.98, 17
80.99, 13
81, 18
81.01, 12
81.02, 19
81.03, 16
81.04, 9
81.05, 12
81.06, 16
81.07, 18
81.08, 10
81.09, 15
81.1, 18
81.11, 19
81.12, 12
81.13, 18
81.14, 13
81.15, 22
81.16, 11
81.17, 21
81.18, 22
81.19, 17
81.2, 14
81.21, 12
81.22, 14
81.23, 15
81.24, 19
81.25, 20
81.26, 14
81.27, 13
81.28, 8
81.29, 18
81.3, 10
81.31, 13
81.32, 11
81.33, 13
81.34, 15
81.35, 13
81.36, 21
81.37, 27
81.38, 11
81.39, 11
81.4, 15
81.41, 23
81.42, 13
81.43, 10
81.44, 19
81.45, 21
81.46, 22
81.47, 20
81.48, 14
81.49, 13
81.5, 16
81.51, 10
81.52, 20
81.53, 16
81.54, 20
81.55, 13
81.56, 17
81.57, 17
81.58, 22
81.59, 11
81.6, 15
81.61, 20
81.62, 22
81.63, 15
81.64, 17
81.65, 11
81.66, 19
81.67, 24
81.68, 13
81.69, 10
81.7, 13
81.71, 11
81.72, 12
81.73, 18
81.74, 18
81.75, 17
81.76, 9
81.77, 17
81.78, 15
81.79, 18
81.8, 13
81.81, 25
81.82, 11
81.83, 18
81.84, 15
81.85, 24
81.86, 10
81.87, 12
81.88, 11
81.89, 14
81.9, 15
81.91, 17
81.92, 13
81.93, 6
81.94, 17
81.95, 13
81.96, 12
81.97, 17
81.98, 15
81.99, 22
82, 13
82.01, 16
82.02, 15
82.03, 13
82.04, 12
82.05, 15
82.06, 15
82.07, 15
82.08, 24
82.09, 8
82.1, 11
82.11, 18
82.12, 13
82.13, 20
82.14, 23
82.15, 13
82.16, 14
82.17, 7
82.18, 11
82.19, 23
82.2, 20
82.21, 24
82.22, 21
82.23, 22
82.24, 15
82.25, 21
82.26, 17
82.27, 16
82.28, 12
82.29, 22
82.3, 18
82.31, 20
82.32, 23
82.33, 20
82.34, 14
82.35, 15
82.36, 15
82.37, 21
82.38, 18
82.39, 18
82.4, 10
82.41, 12
82.42, 20
82.43, 17
82.44, 15
82.45, 12
82.46, 16
82.47, 18
82.48, 12
82.49, 16
82.5, 14
82.51, 13
82.52, 22
82.53, 24
82.54, 8
82.55, 20
82.56, 16
82.57, 15
82.58, 19
82.59, 15
82.6, 15
82.61, 17
82.62, 16
82.63, 20
82.64, 14
82.65, 17
82.66, 13
82.67, 13
82.68, 18
82.69, 25
82.7, 13
82.71, 13
82.72, 16
82.73, 16
82.74, 21
82.75, 17
82.76, 22
82.77, 22
82.78, 11
82.79, 12
82.8, 12
82.81, 23
82.82, 19
82.83, 19
82.84, 22
82.85, 12
82.86, 17
82.87, 19
82.88, 9
82.89, 11
82.9, 21
82.91, 23
82.92, 12
82.93, 14
82.94, 16
82.95, 17
82.96, 16
82.97, 15
82.98, 19
82.99, 22
83, 12
83.01, 15
83.02, 18
83.03, 24
83.04, 13
83.05, 12
83.06, 10
83.07, 16
83.08, 15
83.09, 21
83.1, 17
83.11, 15
83.12, 17
83.13, 12
83.14, 13
83.15, 21
83.16, 16
83.17, 15
83.18, 15
83.19, 10
83.2, 17
83.21, 18
83.22, 12
83.23, 21
83.24, 24
83.25, 16
83.26, 14
83.27, 17
83.28, 20
83.29, 20
83.3, 15
83.31, 12
83.32, 20
83.33, 15
83.34, 12
83.35, 16
83.36, 18
83.37, 23
83.38, 14
83.39, 15
83.4, 15
83.41, 16
83.42, 12
83.43, 13
83.44, 10
83.45, 17
83.46, 22
83.47, 30
83.48, 21
83.49, 18
83.5, 24
83.51, 19
83.52, 11
83.53, 20
83.54, 17
83.55, 13
83.56, 16
83.57, 18
83.58, 14
83.59, 17
83.6, 12
83.61, 15
83.62, 24
83.63, 15
83.64, 18
83.65, 13
83.66, 16
83.67, 20
83.68, 14
83.69, 13
83.7, 13
83.71, 19
83.72, 16
83.73, 22
83.74, 18
83.75, 9
83.76, 19
83.77, 19
83.78, 29
83.79, 21
83.8, 15
83.81, 16
83.82, 19
83.83, 20
83.84, 20
83.85, 15
83.86, 18
83.87, 22
83.88, 18
83.89, 21
83.9, 17
83.91, 16
83.92, 20
83.93, 22
83.94, 16
83.95, 20
83.96, 13
83.97, 16
83.98, 13
83.99, 17
84, 21
84.01, 13
84.02, 18
84.03, 18
84.04, 13
84.05, 13
84.06, 20
84.07, 20
84.08, 15
84.09, 9
84.1, 18
84.11, 18
84.12, 17
84.13, 20
84.14, 12
84.15, 15
84.16, 22
84.17, 16
84.18, 21
84.19, 14
84.2, 10
84.21, 21
84.22, 8
84.23, 15
84.24, 9
84.25, 16
84.26, 23
84.27, 14
84.28, 11
84.29, 10
84.3, 10
84.31, 19
84.32, 14
84.33, 12
84.34, 13
84.35, 14
84.36, 16
84.37, 13
84.38, 24
84.39, 10
84.4, 19
84.41, 20
84.42, 19
84.43, 10
84.44, 12
84.45, 17
84.46, 12
84.47, 19
84.48, 21
84.49, 13
84.5, 20
84.51, 14
84.52, 13
84.53, 14
84.54, 19
84.55, 20
84.56, 21
84.57, 14
84.58, 14
84.59, 11
84.6, 16
84.61, 12
84.62, 19
84.63, 13
84.64, 17
84.65, 17
84.66, 21
84.67, 15
84.68, 24
84.69, 19
84.7, 19
84.71, 16
84.72, 22
84.73, 14
84.74, 15
84.75, 15
84.76, 24
84.77, 12
84.78, 16
84.79, 18
84.8, 12
84.81, 18
84.82, 11
84.83, 36
84.84, 30
84.85, 12
84.86, 15
84.87, 14
84.88, 18
84.89, 20
84.9, 17
84.91, 21
84.92, 20
84.93, 17
84.94, 27
84.95, 19
84.96, 17
84.97, 23
84.98, 18
84.99, 17
85, 14
85.01, 11
85.02, 18
85.03, 16
85.04, 18
85.05, 11
85.06, 12
85.07, 13
85.08, 14
85.09, 19
85.1, 22
85.11, 16
85.12, 20
85.13, 16
85.14, 15
85.15, 14
85.16, 17
85.17, 18
85.18, 19
85.19, 19
85.2, 12
85.21, 16
85.22, 18
85.23, 16
85.24, 21
85.25, 13
85.26, 9
85.27, 17
85.28, 15
85.29, 21
85.3, 17
85.31, 15
85.32, 28
85.33, 19
85.34, 20
85.35, 14
85.36, 10
85.37, 18
85.38, 14
85.39, 19
85.4, 17
85.41, 18
85.42, 16
85.43, 10
85.44, 12
85.45, 22
85.46, 13
85.47, 18
85.48, 16
85.49, 14
85.5, 13
85.51, 21
85.52, 12
85.53, 14
85.54, 17
85.55, 14
85.56, 14
85.57, 10
85.58, 12
85.59, 19
85.6, 19
85.61, 11
85.62, 16
85.63, 20
85.64, 11
85.65, 12
85.66, 22
85.67, 19
85.68, 21
85.69, 9
85.7, 12
85.71, 18
85.72, 12
85.73, 18
85.74, 20
85.75, 13
85.76, 12
85.77, 16
85.78, 20
85.79, 20
85.8, 18
85.81, 13
85.82, 21
85.83, 16
85.84, 18
85.85, 13
85.86, 15
85.87, 14
85.88, 15
85.89, 22
85.9, 12
85.91, 13
85.92, 26
85.93, 17
85.94, 17
85.95, 17
85.96, 20
85.97, 20
85.98, 11
85.99, 17
86, 13
86.01, 17
86.02, 22
86.03, 20
86.04, 11
86.05, 15
86.06, 12
86.07, 15
86.08, 18
86.09, 12
86.1, 11
86.11, 13
86.12, 12
86.13, 18
86.14, 23
86.15, 14
86.16, 18
86.17, 15
86.18, 20
86.19, 17
86.2, 14
86.21, 17
86.22, 11
86.23, 18
86.24, 19
86.25, 19
86.26, 17
86.27, 15
86.28, 20
86.29, 13
86.3, 29
86.31, 20
86.32, 11
86.33, 20
86.34, 21
86.35, 25
86.36, 21
86.37, 21
86.38, 21
86.39, 17
86.4, 21
86.41, 20
86.42, 16
86.43, 20
86.44, 12
86.45, 21
86.46, 17
86.47, 18
86.48, 15
86.49, 11
86.5, 13
86.51, 20
86.52, 17
86.53, 11
86.54, 13
86.55, 17
86.56, 21
86.57, 16
86.58, 33
86.59, 22
86.6, 13
86.61, 28
86.62, 16
86.63, 10
86.64, 15
86.65, 17
86.66, 22
86.67, 9
86.68, 18
86.69, 19
86.7, 13
86.71, 19
86.72, 18
86.73, 13
86.74, 16
86.75, 16
86.76, 21
86.77, 14
86.78, 19
86.79, 13
86.8, 13
86.81, 13
86.82, 20
86.83, 22
86.84, 18
86.85, 18
86.86, 9
86.87, 17
86.88, 18
86.89, 12
86.9, 16
86.91, 13
86.92, 17
86.93, 17
86.94, 12
86.95, 15
86.96, 15
86.97, 23
86.98, 19
86.99, 14
87, 14
87.01, 18
87.02, 13
87.03, 17
87.04, 13
87.05, 20
87.06, 22
87.07, 12
87.08, 22
87.09, 24
87.1, 23
87.11, 20
87.12, 16
87.13, 20
87.14, 15
87.15, 15
87.16, 16
87.17, 18
87.18, 23
87.19, 15
87.2, 19
87.21, 16
87.22, 10
87.23, 16
87.24, 17
87.25, 19
87.26, 21
87.27, 17
87.28, 24
87.29, 26
87.3, 18
87.31, 18
87.32, 16
87.33, 17
87.34, 18
87.35, 23
87.36, 16
87.37, 17
87.38, 19
87.39, 13
87.4, 17
87.41, 10
87.42, 14
87.43, 18
87.44, 10
87.45, 13
87.46, 16
87.47, 17
87.48, 15
87.49, 20
87.5, 18
87.51, 13
87.52, 15
87.53, 11
87.54, 21
87.55, 14
87.56, 21
87.57, 13
87.58, 14
87.59, 15
87.6, 23
87.61, 13
87.62, 11
87.63, 17
87.64, 19
87.65, 12
87.66, 17
87.67, 12
87.68, 18
87.69, 18
87.7, 17
87.71, 12
87.72, 11
87.73, 17
87.74, 15
87.75, 16
87.76, 12
87.77, 19
87.78, 18
87.79, 11
87.8, 9
87.81, 19
87.82, 12
87.83, 16
87.84, 14
87.85, 14
87.86, 14
87.87, 13
87.88, 18
87.89, 15
87.9, 14
87.91, 18
87.92, 19
87.93, 20
87.94, 13
87.95, 16
87.96, 18
87.97, 24
87.98, 13
87.99, 18
88, 16
88.01, 12
88.02, 23
88.03, 20
88.04, 21
88.05, 16
88.06, 15
88.07, 15
88.08, 22
88.09, 15
88.1, 18
88.11, 17
88.12, 19
88.13, 20
88.14, 12
88.15, 13
88.16, 10
88.17, 17
88.18, 16
88.19, 19
88.2, 16
88.21, 16
88.22, 15
88.23, 14
88.24, 13
88.25, 18
88.26, 10
88.27, 20
88.28, 19
88.29, 14
88.3, 12
88.31, 19
88.32, 13
88.33, 14
88.34, 19
88.35, 12
88.36, 11
88.37, 10
88.38, 15
88.39, 19
88.4, 13
88.41, 11
88.42, 18
88.43, 16
88.44, 20
88.45, 21
88.46, 14
88.47, 22
88.48, 12
88.49, 17
88.5, 17
88.51, 15
88.52, 15
88.53, 20
88.54, 20
88.55, 17
88.56, 16
88.57, 19
88.58, 17
88.59, 14
88.6, 20
88.61, 11
88.62, 23
88.63, 19
88.64, 22
88.65, 17
88.66, 19
88.67, 19
88.68, 18
88.69, 24
88.7, 19
88.71, 17
88.72, 18
88.73, 15
88.74, 16
88.75, 19
88.76, 10
88.77, 16
88.78, 20
88.79, 17
88.8, 16
88.81, 12
88.82, 27
88.83, 12
88.84, 18
88.85, 27
88.86, 12
88.87, 19
88.88, 12
88.89, 18
88.9, 22
88.91, 23
88.92, 23
88.93, 20
88.94, 17
88.95, 19
88.96, 17
88.97, 18
88.98, 18
88.99, 24
89, 10
89.01, 8
89.02, 15
89.03, 14
89.04, 19
89.05, 14
89.06, 13
89.07, 15
89.08, 12
89.09, 27
89.1, 16
89.11, 20
89.12, 13
89.13, 28
89.14, 16
89.15, 12
89.16, 9
89.17, 14
89.18, 20
89.19, 11
89.2, 12
89.21, 12
89.22, 19
89.23, 10
89.24, 13
89.25, 13
89.26, 20
89.27, 15
89.28, 18
89.29, 9
89.3, 21
89.31, 13
89.32, 12
89.33, 20
89.34, 16
89.35, 26
89.36, 10
89.37, 15
89.38, 12
89.39, 20
89.4, 7
89.41, 13
89.42, 22
89.43, 21
89.44, 11
89.45, 15
89.46, 14
89.47, 19
89.48, 15
89.49, 14
89.5, 23
89.51, 14
89.52, 18
89.53, 7
89.54, 27
89.55, 16
89.56, 19
89.57, 16
89.58, 13
89.59, 10
89.6, 13
89.61, 12
89.62, 17
89.63, 20
89.64, 19
89.65, 9
89.66, 20
89.67, 16
89.68, 16
89.69, 17
89.7, 23
89.71, 16
89.72, 16
89.73, 14
89.74, 23
89.75, 14
89.76, 18
89.77, 18
89.78, 12
89.79, 20
89.8, 16
89.81, 14
89.82, 18
89.83, 15
89.84, 25
89.85, 29
89.86, 16
89.87, 10
89.88, 17
89.89, 24
89.9, 23
89.91, 19
89.92, 15
89.93, 19
89.94, 28
89.95, 17
89.96, 8
89.97, 9
89.98, 21
89.99, 7
90, 9